id,firstname,lastname,email,email2,profession,Field Name
100,Chickie,Lumbard,Chickie.Lumbard@yopmail.com,Chickie.Lumbard@gmail.com,firefighter,1
101,Lily,Arvo,Lily.Arvo@yopmail.com,Lily.Arvo@gmail.com,developer,2
102,Lynde,Tybald,Lynde.Tybald@yopmail.com,Lynde.Tybald@gmail.com,worker,3
103,Gilligan,An,Gilligan.An@yopmail.com,Gilligan.An@gmail.com,firefighter,4
104,Gaylene,Delp,Gaylene.Delp@yopmail.com,Gaylene.Delp@gmail.com,police officer,5
105,Krystle,Melan,Krystle.Melan@yopmail.com,Krystle.Melan@gmail.com,firefighter,6
106,Janeczka,Angelis,Janeczka.Angelis@yopmail.com,Janeczka.Angelis@gmail.com,firefighter,7
107,Cathie,Hartnett,Cathie.Hartnett@yopmail.com,Cathie.Hartnett@gmail.com,developer,8
108,Daphne,Chrystel,Daphne.Chrystel@yopmail.com,Daphne.Chrystel@gmail.com,firefighter,9
109,Mignon,Marlie,Mignon.Marlie@yopmail.com,Mignon.Marlie@gmail.com,police officer,10
110,Margette,Sherfield,Margette.Sherfield@yopmail.com,Margette.Sherfield@gmail.com,doctor,11
111,Elsie,Jagir,Elsie.Jagir@yopmail.com,Elsie.Jagir@gmail.com,police officer,12
112,Hollie,Oriana,Hollie.Oriana@yopmail.com,Hollie.Oriana@gmail.com,worker,13
113,Fina,Jillane,Fina.Jillane@yopmail.com,Fina.Jillane@gmail.com,worker,14
114,Shell,Alabaster,Shell.Alabaster@yopmail.com,Shell.Alabaster@gmail.com,developer,15
115,Ebonee,Salchunas,Ebonee.Salchunas@yopmail.com,Ebonee.Salchunas@gmail.com,doctor,16
116,Dotty,Verger,Dotty.Verger@yopmail.com,Dotty.Verger@gmail.com,worker,17
117,Frances,Zenas,Frances.Zenas@yopmail.com,Frances.Zenas@gmail.com,doctor,18
118,Jorry,Maxi,Jorry.Maxi@yopmail.com,Jorry.Maxi@gmail.com,worker,19
119,Sonni,O'Neill,Sonni.O'Neill@yopmail.com,Sonni.O'Neill@gmail.com,firefighter,20
120,Hannis,Timon,Hannis.Timon@yopmail.com,Hannis.Timon@gmail.com,developer,21
121,Gilligan,Andrel,Gilligan.Andrel@yopmail.com,Gilligan.Andrel@gmail.com,developer,22
122,Lauryn,Cullin,Lauryn.Cullin@yopmail.com,Lauryn.Cullin@gmail.com,worker,23
123,Jaime,Hedve,Jaime.Hedve@yopmail.com,Jaime.Hedve@gmail.com,developer,24
124,Dorothy,Harned,Dorothy.Harned@yopmail.com,Dorothy.Harned@gmail.com,developer,25
125,Lizzie,Gordon,Lizzie.Gordon@yopmail.com,Lizzie.Gordon@gmail.com,doctor,26
126,Teriann,Hamil,Teriann.Hamil@yopmail.com,Teriann.Hamil@gmail.com,firefighter,27
127,Brena,Ahab,Brena.Ahab@yopmail.com,Brena.Ahab@gmail.com,police officer,28
128,Emma,Darbie,Emma.Darbie@yopmail.com,Emma.Darbie@gmail.com,firefighter,29
129,Sheelagh,Charity,Sheelagh.Charity@yopmail.com,Sheelagh.Charity@gmail.com,police officer,30
130,Claudina,Gordon,Claudina.Gordon@yopmail.com,Claudina.Gordon@gmail.com,worker,31
131,Tami,Kenney,Tami.Kenney@yopmail.com,Tami.Kenney@gmail.com,developer,32
132,Liana,Dorothy,Liana.Dorothy@yopmail.com,Liana.Dorothy@gmail.com,doctor,33
133,Fawne,Hull,Fawne.Hull@yopmail.com,Fawne.Hull@gmail.com,worker,34
134,Clarice,Naashom,Clarice.Naashom@yopmail.com,Clarice.Naashom@gmail.com,firefighter,35
135,Alisha,Chinua,Alisha.Chinua@yopmail.com,Alisha.Chinua@gmail.com,developer,36
136,Kimberley,Glenden,Kimberley.Glenden@yopmail.com,Kimberley.Glenden@gmail.com,developer,37
137,Albertina,Kenney,Albertina.Kenney@yopmail.com,Albertina.Kenney@gmail.com,firefighter,38
138,Sabina,Gale,Sabina.Gale@yopmail.com,Sabina.Gale@gmail.com,police officer,39
139,Micheline,Dash,Micheline.Dash@yopmail.com,Micheline.Dash@gmail.com,police officer,40
140,Gilda,Han,Gilda.Han@yopmail.com,Gilda.Han@gmail.com,police officer,41
141,Esmeralda,Deegan,Esmeralda.Deegan@yopmail.com,Esmeralda.Deegan@gmail.com,doctor,42
142,Kimberley,Nance,Kimberley.Nance@yopmail.com,Kimberley.Nance@gmail.com,doctor,43
143,Consuela,Phi,Consuela.Phi@yopmail.com,Consuela.Phi@gmail.com,developer,44
144,Darci,Lasley,Darci.Lasley@yopmail.com,Darci.Lasley@gmail.com,police officer,45
145,Jessamyn,Garbe,Jessamyn.Garbe@yopmail.com,Jessamyn.Garbe@gmail.com,police officer,46
146,Lanna,Pierette,Lanna.Pierette@yopmail.com,Lanna.Pierette@gmail.com,police officer,47
147,Dorothy,Virgin,Dorothy.Virgin@yopmail.com,Dorothy.Virgin@gmail.com,doctor,48
148,Gerrie,Haerr,Gerrie.Haerr@yopmail.com,Gerrie.Haerr@gmail.com,worker,49
149,Cristine,Vastah,Cristine.Vastah@yopmail.com,Cristine.Vastah@gmail.com,developer,50
150,Morganica,Freddi,Morganica.Freddi@yopmail.com,Morganica.Freddi@gmail.com,developer,51
151,Dorthy,Stacy,Dorthy.Stacy@yopmail.com,Dorthy.Stacy@gmail.com,doctor,52
152,Sheelagh,Madox,Sheelagh.Madox@yopmail.com,Sheelagh.Madox@gmail.com,doctor,53
153,Shel,Fontana,Shel.Fontana@yopmail.com,Shel.Fontana@gmail.com,doctor,54
154,Bee,Yerkovich,Bee.Yerkovich@yopmail.com,Bee.Yerkovich@gmail.com,worker,55
155,Miquela,Mathilde,Miquela.Mathilde@yopmail.com,Miquela.Mathilde@gmail.com,developer,56
156,Albertina,Lamoree,Albertina.Lamoree@yopmail.com,Albertina.Lamoree@gmail.com,developer,57
157,Elka,Genna,Elka.Genna@yopmail.com,Elka.Genna@gmail.com,developer,58
158,Sheelagh,Guildroy,Sheelagh.Guildroy@yopmail.com,Sheelagh.Guildroy@gmail.com,developer,59
159,Roz,Paton,Roz.Paton@yopmail.com,Roz.Paton@gmail.com,developer,60
160,Ileana,Telfer,Ileana.Telfer@yopmail.com,Ileana.Telfer@gmail.com,worker,61
161,Marsiella,Modie,Marsiella.Modie@yopmail.com,Marsiella.Modie@gmail.com,doctor,62
162,Celene,Mozelle,Celene.Mozelle@yopmail.com,Celene.Mozelle@gmail.com,doctor,63
163,Helsa,Faust,Helsa.Faust@yopmail.com,Helsa.Faust@gmail.com,firefighter,64
164,Nelle,Rillings,Nelle.Rillings@yopmail.com,Nelle.Rillings@gmail.com,doctor,65
165,Bobinette,Daegal,Bobinette.Daegal@yopmail.com,Bobinette.Daegal@gmail.com,firefighter,66
166,Devina,Bakerman,Devina.Bakerman@yopmail.com,Devina.Bakerman@gmail.com,firefighter,67
167,Margalo,Chabot,Margalo.Chabot@yopmail.com,Margalo.Chabot@gmail.com,firefighter,68
168,Marsiella,Medrek,Marsiella.Medrek@yopmail.com,Marsiella.Medrek@gmail.com,developer,69
169,Patricia,Geffner,Patricia.Geffner@yopmail.com,Patricia.Geffner@gmail.com,developer,70
170,Nonnah,Maroney,Nonnah.Maroney@yopmail.com,Nonnah.Maroney@gmail.com,police officer,71
171,Rivalee,Kendrick,Rivalee.Kendrick@yopmail.com,Rivalee.Kendrick@gmail.com,police officer,72
172,Cordi,Zachary,Cordi.Zachary@yopmail.com,Cordi.Zachary@gmail.com,developer,73
173,Dorthy,Auberbach,Dorthy.Auberbach@yopmail.com,Dorthy.Auberbach@gmail.com,developer,74
174,Chastity,Carbo,Chastity.Carbo@yopmail.com,Chastity.Carbo@gmail.com,firefighter,75
175,Moyna,Gaulin,Moyna.Gaulin@yopmail.com,Moyna.Gaulin@gmail.com,worker,76
176,Hyacinthe,Bertold,Hyacinthe.Bertold@yopmail.com,Hyacinthe.Bertold@gmail.com,developer,77
177,Flo,Montgomery,Flo.Montgomery@yopmail.com,Flo.Montgomery@gmail.com,developer,78
178,Tarra,Laverne,Tarra.Laverne@yopmail.com,Tarra.Laverne@gmail.com,worker,79
179,Jsandye,Hartnett,Jsandye.Hartnett@yopmail.com,Jsandye.Hartnett@gmail.com,worker,80
180,Correy,Faso,Correy.Faso@yopmail.com,Correy.Faso@gmail.com,firefighter,81
181,Raquela,Narton,Raquela.Narton@yopmail.com,Raquela.Narton@gmail.com,firefighter,82
182,Ellette,Poppy,Ellette.Poppy@yopmail.com,Ellette.Poppy@gmail.com,firefighter,83
183,Janey,Rese,Janey.Rese@yopmail.com,Janey.Rese@gmail.com,firefighter,84
184,Norine,Ethban,Norine.Ethban@yopmail.com,Norine.Ethban@gmail.com,firefighter,85
185,Calla,Calhoun,Calla.Calhoun@yopmail.com,Calla.Calhoun@gmail.com,worker,86
186,Krystle,Audly,Krystle.Audly@yopmail.com,Krystle.Audly@gmail.com,firefighter,87
187,Lelah,Juliet,Lelah.Juliet@yopmail.com,Lelah.Juliet@gmail.com,firefighter,88
188,Carly,Raul,Carly.Raul@yopmail.com,Carly.Raul@gmail.com,worker,89
189,Averyl,Smitt,Averyl.Smitt@yopmail.com,Averyl.Smitt@gmail.com,firefighter,90
190,Oralee,Hourigan,Oralee.Hourigan@yopmail.com,Oralee.Hourigan@gmail.com,doctor,91
191,Charissa,Bartlett,Charissa.Bartlett@yopmail.com,Charissa.Bartlett@gmail.com,doctor,92
192,Jeanna,Pauly,Jeanna.Pauly@yopmail.com,Jeanna.Pauly@gmail.com,doctor,93
193,Luci,Dyche,Luci.Dyche@yopmail.com,Luci.Dyche@gmail.com,police officer,94
194,Helsa,Lipson,Helsa.Lipson@yopmail.com,Helsa.Lipson@gmail.com,worker,95
195,Angelique,Pierette,Angelique.Pierette@yopmail.com,Angelique.Pierette@gmail.com,firefighter,96
196,Gwenneth,Philoo,Gwenneth.Philoo@yopmail.com,Gwenneth.Philoo@gmail.com,police officer,97
197,Neila,Barney,Neila.Barney@yopmail.com,Neila.Barney@gmail.com,firefighter,98
198,Agnese,Lissi,Agnese.Lissi@yopmail.com,Agnese.Lissi@gmail.com,doctor,99
199,Ira,Dimitris,Ira.Dimitris@yopmail.com,Ira.Dimitris@gmail.com,firefighter,100
200,Codie,Vary,Codie.Vary@yopmail.com,Codie.Vary@gmail.com,police officer,101
201,Fayre,Poppy,Fayre.Poppy@yopmail.com,Fayre.Poppy@gmail.com,doctor,102
202,Randa,Billye,Randa.Billye@yopmail.com,Randa.Billye@gmail.com,police officer,103
203,Agathe,Land,Agathe.Land@yopmail.com,Agathe.Land@gmail.com,firefighter,104
204,Rhoda,Berard,Rhoda.Berard@yopmail.com,Rhoda.Berard@gmail.com,police officer,105
205,Lynnea,Kristi,Lynnea.Kristi@yopmail.com,Lynnea.Kristi@gmail.com,doctor,106
206,Paulita,Eckblad,Paulita.Eckblad@yopmail.com,Paulita.Eckblad@gmail.com,developer,107
207,Silvana,Ferino,Silvana.Ferino@yopmail.com,Silvana.Ferino@gmail.com,worker,108
208,Carolina,Carleen,Carolina.Carleen@yopmail.com,Carolina.Carleen@gmail.com,firefighter,109
209,Lacie,Emerson,Lacie.Emerson@yopmail.com,Lacie.Emerson@gmail.com,doctor,110
210,Dorene,Hieronymus,Dorene.Hieronymus@yopmail.com,Dorene.Hieronymus@gmail.com,firefighter,111
211,Nita,Seligman,Nita.Seligman@yopmail.com,Nita.Seligman@gmail.com,firefighter,112
212,Candy,Iiette,Candy.Iiette@yopmail.com,Candy.Iiette@gmail.com,police officer,113
213,Mamie,Brenn,Mamie.Brenn@yopmail.com,Mamie.Brenn@gmail.com,worker,114
214,Kenna,Rudolph,Kenna.Rudolph@yopmail.com,Kenna.Rudolph@gmail.com,developer,115
215,Gusella,Pulsifer,Gusella.Pulsifer@yopmail.com,Gusella.Pulsifer@gmail.com,firefighter,116
216,Cindelyn,Haerr,Cindelyn.Haerr@yopmail.com,Cindelyn.Haerr@gmail.com,firefighter,117
217,Rhoda,Leonard,Rhoda.Leonard@yopmail.com,Rhoda.Leonard@gmail.com,police officer,118
218,Jennica,Reneta,Jennica.Reneta@yopmail.com,Jennica.Reneta@gmail.com,firefighter,119
219,Aubrie,Mott,Aubrie.Mott@yopmail.com,Aubrie.Mott@gmail.com,worker,120
220,Nanete,Vilma,Nanete.Vilma@yopmail.com,Nanete.Vilma@gmail.com,police officer,121
221,Karolina,Mauer,Karolina.Mauer@yopmail.com,Karolina.Mauer@gmail.com,firefighter,122
222,Kore,Blake,Kore.Blake@yopmail.com,Kore.Blake@gmail.com,worker,123
223,Tamqrah,Tacye,Tamqrah.Tacye@yopmail.com,Tamqrah.Tacye@gmail.com,firefighter,124
224,Fredericka,Gibbeon,Fredericka.Gibbeon@yopmail.com,Fredericka.Gibbeon@gmail.com,doctor,125
225,Minne,Fitzsimmons,Minne.Fitzsimmons@yopmail.com,Minne.Fitzsimmons@gmail.com,doctor,126
226,Paulita,Hubert,Paulita.Hubert@yopmail.com,Paulita.Hubert@gmail.com,developer,127
227,Mariele,Parsaye,Mariele.Parsaye@yopmail.com,Mariele.Parsaye@gmail.com,firefighter,128
228,Bertine,Tound,Bertine.Tound@yopmail.com,Bertine.Tound@gmail.com,firefighter,129
229,Adele,Rubie,Adele.Rubie@yopmail.com,Adele.Rubie@gmail.com,firefighter,130
230,Gerrie,Karna,Gerrie.Karna@yopmail.com,Gerrie.Karna@gmail.com,worker,131
231,Ernesta,Jenness,Ernesta.Jenness@yopmail.com,Ernesta.Jenness@gmail.com,developer,132
232,Lorne,Hedve,Lorne.Hedve@yopmail.com,Lorne.Hedve@gmail.com,developer,133
233,Joy,Lesley,Joy.Lesley@yopmail.com,Joy.Lesley@gmail.com,worker,134
234,Petronia,Erskine,Petronia.Erskine@yopmail.com,Petronia.Erskine@gmail.com,firefighter,135
235,Laurene,Jagir,Laurene.Jagir@yopmail.com,Laurene.Jagir@gmail.com,doctor,136
236,Lulita,Olympium,Lulita.Olympium@yopmail.com,Lulita.Olympium@gmail.com,police officer,137
237,Gloria,Herrera,Gloria.Herrera@yopmail.com,Gloria.Herrera@gmail.com,firefighter,138
238,Ashlee,Berard,Ashlee.Berard@yopmail.com,Ashlee.Berard@gmail.com,worker,139
239,Jorry,Vittoria,Jorry.Vittoria@yopmail.com,Jorry.Vittoria@gmail.com,police officer,140
240,Krystle,Zeeba,Krystle.Zeeba@yopmail.com,Krystle.Zeeba@gmail.com,police officer,141
241,Gloria,Etom,Gloria.Etom@yopmail.com,Gloria.Etom@gmail.com,police officer,142
242,Meg,Kinnard,Meg.Kinnard@yopmail.com,Meg.Kinnard@gmail.com,firefighter,143
243,Philis,Tjon,Philis.Tjon@yopmail.com,Philis.Tjon@gmail.com,firefighter,144
244,Cissiee,Ackerley,Cissiee.Ackerley@yopmail.com,Cissiee.Ackerley@gmail.com,doctor,145
245,Lily,Heisel,Lily.Heisel@yopmail.com,Lily.Heisel@gmail.com,firefighter,146
246,Ronna,Valerio,Ronna.Valerio@yopmail.com,Ronna.Valerio@gmail.com,worker,147
247,Kalina,Papageno,Kalina.Papageno@yopmail.com,Kalina.Papageno@gmail.com,doctor,148
248,Kara-Lynn,Odysseus,Kara-Lynn.Odysseus@yopmail.com,Kara-Lynn.Odysseus@gmail.com,police officer,149
249,Xylina,Fax,Xylina.Fax@yopmail.com,Xylina.Fax@gmail.com,worker,150
250,Gabriellia,Weide,Gabriellia.Weide@yopmail.com,Gabriellia.Weide@gmail.com,firefighter,151
251,Pierette,Hieronymus,Pierette.Hieronymus@yopmail.com,Pierette.Hieronymus@gmail.com,developer,152
252,Lorenza,Friede,Lorenza.Friede@yopmail.com,Lorenza.Friede@gmail.com,doctor,153
253,Annora,Carbo,Annora.Carbo@yopmail.com,Annora.Carbo@gmail.com,developer,154
254,Janey,Bahr,Janey.Bahr@yopmail.com,Janey.Bahr@gmail.com,doctor,155
255,Elbertina,Audly,Elbertina.Audly@yopmail.com,Elbertina.Audly@gmail.com,doctor,156
256,Sybille,Terencio,Sybille.Terencio@yopmail.com,Sybille.Terencio@gmail.com,firefighter,157
257,Norine,Vharat,Norine.Vharat@yopmail.com,Norine.Vharat@gmail.com,developer,158
258,Margalo,Bakerman,Margalo.Bakerman@yopmail.com,Margalo.Bakerman@gmail.com,developer,159
259,Anthia,Joeann,Anthia.Joeann@yopmail.com,Anthia.Joeann@gmail.com,police officer,160
260,Anthia,Peg,Anthia.Peg@yopmail.com,Anthia.Peg@gmail.com,police officer,161
261,Alisha,Eiser,Alisha.Eiser@yopmail.com,Alisha.Eiser@gmail.com,doctor,162
262,Penelopa,Charmine,Penelopa.Charmine@yopmail.com,Penelopa.Charmine@gmail.com,worker,163
263,Minda,Alrich,Minda.Alrich@yopmail.com,Minda.Alrich@gmail.com,police officer,164
264,Cathie,Solitta,Cathie.Solitta@yopmail.com,Cathie.Solitta@gmail.com,developer,165
265,Ermengarde,Candy,Ermengarde.Candy@yopmail.com,Ermengarde.Candy@gmail.com,doctor,166
266,Marika,Charmine,Marika.Charmine@yopmail.com,Marika.Charmine@gmail.com,developer,167
267,Penelopa,Juan,Penelopa.Juan@yopmail.com,Penelopa.Juan@gmail.com,developer,168
268,Goldie,Arquit,Goldie.Arquit@yopmail.com,Goldie.Arquit@gmail.com,firefighter,169
269,Augustine,Helfand,Augustine.Helfand@yopmail.com,Augustine.Helfand@gmail.com,doctor,170
270,Valli,Jacqui,Valli.Jacqui@yopmail.com,Valli.Jacqui@gmail.com,firefighter,171
271,Donnie,Heidt,Donnie.Heidt@yopmail.com,Donnie.Heidt@gmail.com,developer,172
272,Raina,Skell,Raina.Skell@yopmail.com,Raina.Skell@gmail.com,firefighter,173
273,Anica,Orpah,Anica.Orpah@yopmail.com,Anica.Orpah@gmail.com,worker,174
274,Micheline,Anselmi,Micheline.Anselmi@yopmail.com,Micheline.Anselmi@gmail.com,doctor,175
275,Emmey,Ummersen,Emmey.Ummersen@yopmail.com,Emmey.Ummersen@gmail.com,worker,176
276,Petronia,Devlen,Petronia.Devlen@yopmail.com,Petronia.Devlen@gmail.com,firefighter,177
277,Lynde,Hutchison,Lynde.Hutchison@yopmail.com,Lynde.Hutchison@gmail.com,worker,178
278,Berget,Aurelio,Berget.Aurelio@yopmail.com,Berget.Aurelio@gmail.com,developer,179
279,Mara,Concha,Mara.Concha@yopmail.com,Mara.Concha@gmail.com,developer,180
280,Myrtice,Shelba,Myrtice.Shelba@yopmail.com,Myrtice.Shelba@gmail.com,firefighter,181
281,Elbertina,Zenas,Elbertina.Zenas@yopmail.com,Elbertina.Zenas@gmail.com,doctor,182
282,Janenna,Firmin,Janenna.Firmin@yopmail.com,Janenna.Firmin@gmail.com,doctor,183
283,Vanessa,Fiann,Vanessa.Fiann@yopmail.com,Vanessa.Fiann@gmail.com,developer,184
284,Janenna,Rolf,Janenna.Rolf@yopmail.com,Janenna.Rolf@gmail.com,police officer,185
285,Romona,Masao,Romona.Masao@yopmail.com,Romona.Masao@gmail.com,developer,186
286,Alyda,Bonucci,Alyda.Bonucci@yopmail.com,Alyda.Bonucci@gmail.com,worker,187
287,Calla,Anastatius,Calla.Anastatius@yopmail.com,Calla.Anastatius@gmail.com,doctor,188
288,Arabel,Malanie,Arabel.Malanie@yopmail.com,Arabel.Malanie@gmail.com,doctor,189
289,Fredericka,Pillsbury,Fredericka.Pillsbury@yopmail.com,Fredericka.Pillsbury@gmail.com,firefighter,190
290,Laure,Gaspard,Laure.Gaspard@yopmail.com,Laure.Gaspard@gmail.com,doctor,191
291,Rivalee,Shaver,Rivalee.Shaver@yopmail.com,Rivalee.Shaver@gmail.com,developer,192
292,Bobinette,Ramona,Bobinette.Ramona@yopmail.com,Bobinette.Ramona@gmail.com,worker,193
293,Taffy,Fiester,Taffy.Fiester@yopmail.com,Taffy.Fiester@gmail.com,firefighter,194
294,Reeba,Jaylene,Reeba.Jaylene@yopmail.com,Reeba.Jaylene@gmail.com,firefighter,195
295,Tani,Vernier,Tani.Vernier@yopmail.com,Tani.Vernier@gmail.com,firefighter,196
296,Kara-Lynn,Othilia,Kara-Lynn.Othilia@yopmail.com,Kara-Lynn.Othilia@gmail.com,developer,197
297,Carly,Nedrud,Carly.Nedrud@yopmail.com,Carly.Nedrud@gmail.com,firefighter,198
298,Libbie,Ranjiv,Libbie.Ranjiv@yopmail.com,Libbie.Ranjiv@gmail.com,firefighter,199
299,Starla,Mintz,Starla.Mintz@yopmail.com,Starla.Mintz@gmail.com,worker,200
300,Kalina,Arvo,Kalina.Arvo@yopmail.com,Kalina.Arvo@gmail.com,developer,201
301,Calla,Seumas,Calla.Seumas@yopmail.com,Calla.Seumas@gmail.com,developer,202
302,Elena,Dannye,Elena.Dannye@yopmail.com,Elena.Dannye@gmail.com,developer,203
303,Cecile,Dowski,Cecile.Dowski@yopmail.com,Cecile.Dowski@gmail.com,firefighter,204
304,Shauna,Georas,Shauna.Georas@yopmail.com,Shauna.Georas@gmail.com,firefighter,205
305,Caritta,Bach,Caritta.Bach@yopmail.com,Caritta.Bach@gmail.com,firefighter,206
306,Gwenneth,Fiester,Gwenneth.Fiester@yopmail.com,Gwenneth.Fiester@gmail.com,police officer,207
307,Briney,Roarke,Briney.Roarke@yopmail.com,Briney.Roarke@gmail.com,police officer,208
308,Mara,Afton,Mara.Afton@yopmail.com,Mara.Afton@gmail.com,developer,209
309,Kirstin,Rillings,Kirstin.Rillings@yopmail.com,Kirstin.Rillings@gmail.com,doctor,210
310,Mildrid,Ellerey,Mildrid.Ellerey@yopmail.com,Mildrid.Ellerey@gmail.com,developer,211
311,Ivett,Chick,Ivett.Chick@yopmail.com,Ivett.Chick@gmail.com,police officer,212
312,Mellicent,Erskine,Mellicent.Erskine@yopmail.com,Mellicent.Erskine@gmail.com,police officer,213
313,Shel,Guthrie,Shel.Guthrie@yopmail.com,Shel.Guthrie@gmail.com,worker,214
314,Hildegaard,Vernier,Hildegaard.Vernier@yopmail.com,Hildegaard.Vernier@gmail.com,worker,215
315,Jacenta,Ehrman,Jacenta.Ehrman@yopmail.com,Jacenta.Ehrman@gmail.com,doctor,216
316,Pearline,Roumell,Pearline.Roumell@yopmail.com,Pearline.Roumell@gmail.com,police officer,217
317,Hollie,Hanshaw,Hollie.Hanshaw@yopmail.com,Hollie.Hanshaw@gmail.com,police officer,218
318,Silvana,Dex,Silvana.Dex@yopmail.com,Silvana.Dex@gmail.com,developer,219
319,Roseline,Vary,Roseline.Vary@yopmail.com,Roseline.Vary@gmail.com,doctor,220
320,Olwen,Devlen,Olwen.Devlen@yopmail.com,Olwen.Devlen@gmail.com,police officer,221
321,Jessamyn,Dearborn,Jessamyn.Dearborn@yopmail.com,Jessamyn.Dearborn@gmail.com,firefighter,222
322,Jacquetta,Nicoline,Jacquetta.Nicoline@yopmail.com,Jacquetta.Nicoline@gmail.com,police officer,223
323,Tierney,Vharat,Tierney.Vharat@yopmail.com,Tierney.Vharat@gmail.com,firefighter,224
324,Consuela,Ferino,Consuela.Ferino@yopmail.com,Consuela.Ferino@gmail.com,worker,225
325,Alleen,Kirbee,Alleen.Kirbee@yopmail.com,Alleen.Kirbee@gmail.com,worker,226
326,Britni,Tippets,Britni.Tippets@yopmail.com,Britni.Tippets@gmail.com,worker,227
327,Raquela,Graig,Raquela.Graig@yopmail.com,Raquela.Graig@gmail.com,doctor,228
328,Tybie,Swanhildas,Tybie.Swanhildas@yopmail.com,Tybie.Swanhildas@gmail.com,firefighter,229
329,Brooks,Couture,Brooks.Couture@yopmail.com,Brooks.Couture@gmail.com,worker,230
330,Rhea,Kermit,Rhea.Kermit@yopmail.com,Rhea.Kermit@gmail.com,worker,231
331,Lanna,Karl,Lanna.Karl@yopmail.com,Lanna.Karl@gmail.com,doctor,232
332,Vevay,Peonir,Vevay.Peonir@yopmail.com,Vevay.Peonir@gmail.com,doctor,233
333,Blondelle,Podvin,Blondelle.Podvin@yopmail.com,Blondelle.Podvin@gmail.com,doctor,234
334,Barbi,Wildermuth,Barbi.Wildermuth@yopmail.com,Barbi.Wildermuth@gmail.com,police officer,235
335,Chastity,Joeann,Chastity.Joeann@yopmail.com,Chastity.Joeann@gmail.com,worker,236
336,Ida,Annice,Ida.Annice@yopmail.com,Ida.Annice@gmail.com,doctor,237
337,Corry,Damarra,Corry.Damarra@yopmail.com,Corry.Damarra@gmail.com,firefighter,238
338,Gerianna,Loring,Gerianna.Loring@yopmail.com,Gerianna.Loring@gmail.com,worker,239
339,Sheree,Auberbach,Sheree.Auberbach@yopmail.com,Sheree.Auberbach@gmail.com,firefighter,240
340,Marika,Rosemary,Marika.Rosemary@yopmail.com,Marika.Rosemary@gmail.com,doctor,241
341,Kaia,Tamar,Kaia.Tamar@yopmail.com,Kaia.Tamar@gmail.com,developer,242
342,Sharlene,Toor,Sharlene.Toor@yopmail.com,Sharlene.Toor@gmail.com,police officer,243
343,Etta,Lilybelle,Etta.Lilybelle@yopmail.com,Etta.Lilybelle@gmail.com,doctor,244
344,Tina,Ellerey,Tina.Ellerey@yopmail.com,Tina.Ellerey@gmail.com,doctor,245
345,Grier,Fredi,Grier.Fredi@yopmail.com,Grier.Fredi@gmail.com,doctor,246
346,Tonia,Grimbly,Tonia.Grimbly@yopmail.com,Tonia.Grimbly@gmail.com,police officer,247
347,Elora,Ashely,Elora.Ashely@yopmail.com,Elora.Ashely@gmail.com,worker,248
348,Laure,Vittoria,Laure.Vittoria@yopmail.com,Laure.Vittoria@gmail.com,firefighter,249
349,Gusty,Fillbert,Gusty.Fillbert@yopmail.com,Gusty.Fillbert@gmail.com,worker,250
350,Sonni,Maribeth,Sonni.Maribeth@yopmail.com,Sonni.Maribeth@gmail.com,developer,251
351,Kittie,Olympium,Kittie.Olympium@yopmail.com,Kittie.Olympium@gmail.com,police officer,252
352,Karly,Karna,Karly.Karna@yopmail.com,Karly.Karna@gmail.com,police officer,253
353,Sashenka,Alejoa,Sashenka.Alejoa@yopmail.com,Sashenka.Alejoa@gmail.com,firefighter,254
354,Sandie,Tarrant,Sandie.Tarrant@yopmail.com,Sandie.Tarrant@gmail.com,worker,255
355,Celestyna,Wolfgram,Celestyna.Wolfgram@yopmail.com,Celestyna.Wolfgram@gmail.com,police officer,256
356,Barbi,Elo,Barbi.Elo@yopmail.com,Barbi.Elo@gmail.com,doctor,257
357,Gabriellia,Dorothy,Gabriellia.Dorothy@yopmail.com,Gabriellia.Dorothy@gmail.com,worker,258
358,Dede,Parette,Dede.Parette@yopmail.com,Dede.Parette@gmail.com,doctor,259
359,Tracey,Orlene,Tracey.Orlene@yopmail.com,Tracey.Orlene@gmail.com,police officer,260
360,Desirae,Haldas,Desirae.Haldas@yopmail.com,Desirae.Haldas@gmail.com,doctor,261
361,Fanchon,McAdams,Fanchon.McAdams@yopmail.com,Fanchon.McAdams@gmail.com,firefighter,262
362,Winny,Eckblad,Winny.Eckblad@yopmail.com,Winny.Eckblad@gmail.com,firefighter,263
363,Marsiella,Brady,Marsiella.Brady@yopmail.com,Marsiella.Brady@gmail.com,firefighter,264
364,Cecile,Lea,Cecile.Lea@yopmail.com,Cecile.Lea@gmail.com,doctor,265
365,Arabel,Iphlgenia,Arabel.Iphlgenia@yopmail.com,Arabel.Iphlgenia@gmail.com,developer,266
366,Marinna,Barbey,Marinna.Barbey@yopmail.com,Marinna.Barbey@gmail.com,doctor,267
367,Daphne,Tillford,Daphne.Tillford@yopmail.com,Daphne.Tillford@gmail.com,firefighter,268
368,Ana,Joli,Ana.Joli@yopmail.com,Ana.Joli@gmail.com,developer,269
369,Ginnie,Jary,Ginnie.Jary@yopmail.com,Ginnie.Jary@gmail.com,worker,270
370,Reeba,Toor,Reeba.Toor@yopmail.com,Reeba.Toor@gmail.com,doctor,271
371,Lulita,Koehler,Lulita.Koehler@yopmail.com,Lulita.Koehler@gmail.com,firefighter,272
372,Sarette,Telfer,Sarette.Telfer@yopmail.com,Sarette.Telfer@gmail.com,firefighter,273
373,Leia,Lymann,Leia.Lymann@yopmail.com,Leia.Lymann@gmail.com,police officer,274
374,Jenilee,Bergman,Jenilee.Bergman@yopmail.com,Jenilee.Bergman@gmail.com,developer,275
375,Ekaterina,Burnside,Ekaterina.Burnside@yopmail.com,Ekaterina.Burnside@gmail.com,worker,276
376,Farrah,Himelman,Farrah.Himelman@yopmail.com,Farrah.Himelman@gmail.com,developer,277
377,Sheree,Valoniah,Sheree.Valoniah@yopmail.com,Sheree.Valoniah@gmail.com,worker,278
378,Maridel,Sibyls,Maridel.Sibyls@yopmail.com,Maridel.Sibyls@gmail.com,firefighter,279
379,Ginnie,Wattenberg,Ginnie.Wattenberg@yopmail.com,Ginnie.Wattenberg@gmail.com,doctor,280
380,Diena,Terencio,Diena.Terencio@yopmail.com,Diena.Terencio@gmail.com,doctor,281
381,Aurelie,Bashemeth,Aurelie.Bashemeth@yopmail.com,Aurelie.Bashemeth@gmail.com,doctor,282
382,Steffane,Ashely,Steffane.Ashely@yopmail.com,Steffane.Ashely@gmail.com,developer,283
383,Sharlene,Wattenberg,Sharlene.Wattenberg@yopmail.com,Sharlene.Wattenberg@gmail.com,worker,284
384,Danika,Kathie,Danika.Kathie@yopmail.com,Danika.Kathie@gmail.com,police officer,285
385,Dode,Knowling,Dode.Knowling@yopmail.com,Dode.Knowling@gmail.com,developer,286
386,Paulita,Milson,Paulita.Milson@yopmail.com,Paulita.Milson@gmail.com,developer,287
387,Mamie,Leary,Mamie.Leary@yopmail.com,Mamie.Leary@gmail.com,developer,288
388,Genevra,Ogren,Genevra.Ogren@yopmail.com,Genevra.Ogren@gmail.com,firefighter,289
389,Suzette,Louanna,Suzette.Louanna@yopmail.com,Suzette.Louanna@gmail.com,firefighter,290
390,Melodie,Billye,Melodie.Billye@yopmail.com,Melodie.Billye@gmail.com,developer,291
391,Althea,Erich,Althea.Erich@yopmail.com,Althea.Erich@gmail.com,firefighter,292
392,Tiffie,Melony,Tiffie.Melony@yopmail.com,Tiffie.Melony@gmail.com,police officer,293
393,Halette,Bow,Halette.Bow@yopmail.com,Halette.Bow@gmail.com,worker,294
394,Nonnah,Jammal,Nonnah.Jammal@yopmail.com,Nonnah.Jammal@gmail.com,doctor,295
395,Gilda,Pierette,Gilda.Pierette@yopmail.com,Gilda.Pierette@gmail.com,worker,296
396,Jordan,Latini,Jordan.Latini@yopmail.com,Jordan.Latini@gmail.com,developer,297
397,Mamie,Meli,Mamie.Meli@yopmail.com,Mamie.Meli@gmail.com,developer,298
398,Hermione,Stoller,Hermione.Stoller@yopmail.com,Hermione.Stoller@gmail.com,firefighter,299
399,Gisela,Lemuela,Gisela.Lemuela@yopmail.com,Gisela.Lemuela@gmail.com,police officer,300
400,Sindee,Briney,Sindee.Briney@yopmail.com,Sindee.Briney@gmail.com,firefighter,301
401,Lacie,Chesna,Lacie.Chesna@yopmail.com,Lacie.Chesna@gmail.com,firefighter,302
402,Carol-Jean,Leler,Carol-Jean.Leler@yopmail.com,Carol-Jean.Leler@gmail.com,police officer,303
403,Sashenka,Fosque,Sashenka.Fosque@yopmail.com,Sashenka.Fosque@gmail.com,doctor,304
404,Sean,Ax,Sean.Ax@yopmail.com,Sean.Ax@gmail.com,worker,305
405,Wanda,Lytton,Wanda.Lytton@yopmail.com,Wanda.Lytton@gmail.com,firefighter,306
406,Cacilie,Wattenberg,Cacilie.Wattenberg@yopmail.com,Cacilie.Wattenberg@gmail.com,worker,307
407,Rivalee,Alwin,Rivalee.Alwin@yopmail.com,Rivalee.Alwin@gmail.com,police officer,308
408,Dulcinea,Damarra,Dulcinea.Damarra@yopmail.com,Dulcinea.Damarra@gmail.com,doctor,309
409,Sybille,Ashok,Sybille.Ashok@yopmail.com,Sybille.Ashok@gmail.com,worker,310
410,Janenna,Tiffa,Janenna.Tiffa@yopmail.com,Janenna.Tiffa@gmail.com,developer,311
411,Tera,Levey,Tera.Levey@yopmail.com,Tera.Levey@gmail.com,firefighter,312
412,Hannis,Billye,Hannis.Billye@yopmail.com,Hannis.Billye@gmail.com,doctor,313
413,Robinia,Wallis,Robinia.Wallis@yopmail.com,Robinia.Wallis@gmail.com,police officer,314
414,Britte,Giff,Britte.Giff@yopmail.com,Britte.Giff@gmail.com,doctor,315
415,Tarra,Hull,Tarra.Hull@yopmail.com,Tarra.Hull@gmail.com,worker,316
416,Lexine,Syd,Lexine.Syd@yopmail.com,Lexine.Syd@gmail.com,developer,317
417,Frances,Sperling,Frances.Sperling@yopmail.com,Frances.Sperling@gmail.com,firefighter,318
418,Lusa,Behre,Lusa.Behre@yopmail.com,Lusa.Behre@gmail.com,worker,319
419,Donnie,Sparhawk,Donnie.Sparhawk@yopmail.com,Donnie.Sparhawk@gmail.com,developer,320
420,Fred,Fry,Fred.Fry@yopmail.com,Fred.Fry@gmail.com,worker,321
421,Olivette,Capello,Olivette.Capello@yopmail.com,Olivette.Capello@gmail.com,developer,322
422,Leanna,Cottle,Leanna.Cottle@yopmail.com,Leanna.Cottle@gmail.com,doctor,323
423,Nikki,Yoko,Nikki.Yoko@yopmail.com,Nikki.Yoko@gmail.com,developer,324
424,Liana,Bartlett,Liana.Bartlett@yopmail.com,Liana.Bartlett@gmail.com,doctor,325
425,Amelia,Carri,Amelia.Carri@yopmail.com,Amelia.Carri@gmail.com,developer,326
426,Raf,Armanda,Raf.Armanda@yopmail.com,Raf.Armanda@gmail.com,police officer,327
427,Mildrid,Sammons,Mildrid.Sammons@yopmail.com,Mildrid.Sammons@gmail.com,developer,328
428,Deloria,Fennessy,Deloria.Fennessy@yopmail.com,Deloria.Fennessy@gmail.com,firefighter,329
429,Shell,Lane,Shell.Lane@yopmail.com,Shell.Lane@gmail.com,developer,330
430,Frank,Alfons,Frank.Alfons@yopmail.com,Frank.Alfons@gmail.com,doctor,331
431,Dotty,Laverne,Dotty.Laverne@yopmail.com,Dotty.Laverne@gmail.com,police officer,332
432,Anestassia,Fancie,Anestassia.Fancie@yopmail.com,Anestassia.Fancie@gmail.com,worker,333
433,Bernardine,Kenney,Bernardine.Kenney@yopmail.com,Bernardine.Kenney@gmail.com,police officer,334
434,Dotty,Buttaro,Dotty.Buttaro@yopmail.com,Dotty.Buttaro@gmail.com,doctor,335
435,Fred,Prober,Fred.Prober@yopmail.com,Fred.Prober@gmail.com,firefighter,336
436,Averyl,Albertine,Averyl.Albertine@yopmail.com,Averyl.Albertine@gmail.com,police officer,337
437,Wanda,Autrey,Wanda.Autrey@yopmail.com,Wanda.Autrey@gmail.com,worker,338
438,Addia,Eugenia,Addia.Eugenia@yopmail.com,Addia.Eugenia@gmail.com,police officer,339
439,Karena,Beebe,Karena.Beebe@yopmail.com,Karena.Beebe@gmail.com,doctor,340
440,Julieta,Rogerio,Julieta.Rogerio@yopmail.com,Julieta.Rogerio@gmail.com,firefighter,341
441,Valera,Killigrew,Valera.Killigrew@yopmail.com,Valera.Killigrew@gmail.com,doctor,342
442,Andeee,Gaulin,Andeee.Gaulin@yopmail.com,Andeee.Gaulin@gmail.com,police officer,343
443,Natka,Lay,Natka.Lay@yopmail.com,Natka.Lay@gmail.com,doctor,344
444,Nessie,Levey,Nessie.Levey@yopmail.com,Nessie.Levey@gmail.com,developer,345
445,Jessy,Sibyls,Jessy.Sibyls@yopmail.com,Jessy.Sibyls@gmail.com,firefighter,346
446,Starla,Jalbert,Starla.Jalbert@yopmail.com,Starla.Jalbert@gmail.com,police officer,347
447,Sam,Joseph,Sam.Joseph@yopmail.com,Sam.Joseph@gmail.com,worker,348
448,Janenna,Kaja,Janenna.Kaja@yopmail.com,Janenna.Kaja@gmail.com,firefighter,349
449,Phedra,Andrel,Phedra.Andrel@yopmail.com,Phedra.Andrel@gmail.com,firefighter,350
450,Sissy,Pettiford,Sissy.Pettiford@yopmail.com,Sissy.Pettiford@gmail.com,developer,351
451,Nerta,Kauppi,Nerta.Kauppi@yopmail.com,Nerta.Kauppi@gmail.com,firefighter,352
452,Kial,Ummersen,Kial.Ummersen@yopmail.com,Kial.Ummersen@gmail.com,firefighter,353
453,Starla,Sabella,Starla.Sabella@yopmail.com,Starla.Sabella@gmail.com,worker,354
454,Fred,Lucienne,Fred.Lucienne@yopmail.com,Fred.Lucienne@gmail.com,developer,355
455,Janis,Buckler,Janis.Buckler@yopmail.com,Janis.Buckler@gmail.com,worker,356
456,Annice,Cornelia,Annice.Cornelia@yopmail.com,Annice.Cornelia@gmail.com,doctor,357
457,Mahalia,Nickola,Mahalia.Nickola@yopmail.com,Mahalia.Nickola@gmail.com,worker,358
458,Ariela,Ricarda,Ariela.Ricarda@yopmail.com,Ariela.Ricarda@gmail.com,worker,359
459,Etta,Bertold,Etta.Bertold@yopmail.com,Etta.Bertold@gmail.com,firefighter,360
460,Janenna,Cordi,Janenna.Cordi@yopmail.com,Janenna.Cordi@gmail.com,developer,361
461,Britni,Adlare,Britni.Adlare@yopmail.com,Britni.Adlare@gmail.com,firefighter,362
462,Doralynne,Matthew,Doralynne.Matthew@yopmail.com,Doralynne.Matthew@gmail.com,developer,363
463,Diena,Niles,Diena.Niles@yopmail.com,Diena.Niles@gmail.com,police officer,364
464,Leanna,Waite,Leanna.Waite@yopmail.com,Leanna.Waite@gmail.com,police officer,365
465,Gisela,Brodench,Gisela.Brodench@yopmail.com,Gisela.Brodench@gmail.com,worker,366
466,Pierette,Ludewig,Pierette.Ludewig@yopmail.com,Pierette.Ludewig@gmail.com,police officer,367
467,Andeee,Phi,Andeee.Phi@yopmail.com,Andeee.Phi@gmail.com,doctor,368
468,Genovera,Jefferey,Genovera.Jefferey@yopmail.com,Genovera.Jefferey@gmail.com,developer,369
469,Constance,Aurelio,Constance.Aurelio@yopmail.com,Constance.Aurelio@gmail.com,worker,370
470,Ruthe,Kelula,Ruthe.Kelula@yopmail.com,Ruthe.Kelula@gmail.com,doctor,371
471,Carmencita,Hilbert,Carmencita.Hilbert@yopmail.com,Carmencita.Hilbert@gmail.com,worker,372
472,Eolanda,Hanshaw,Eolanda.Hanshaw@yopmail.com,Eolanda.Hanshaw@gmail.com,firefighter,373
473,Mireielle,Bartlett,Mireielle.Bartlett@yopmail.com,Mireielle.Bartlett@gmail.com,doctor,374
474,Nananne,Frodi,Nananne.Frodi@yopmail.com,Nananne.Frodi@gmail.com,developer,375
475,Zsa Zsa,Bertold,Zsa Zsa.Bertold@yopmail.com,Zsa Zsa.Bertold@gmail.com,doctor,376
476,Miquela,Tillford,Miquela.Tillford@yopmail.com,Miquela.Tillford@gmail.com,developer,377
477,Elfreda,Lia,Elfreda.Lia@yopmail.com,Elfreda.Lia@gmail.com,firefighter,378
478,Arabel,Anestassia,Arabel.Anestassia@yopmail.com,Arabel.Anestassia@gmail.com,doctor,379
479,Fina,Aloise,Fina.Aloise@yopmail.com,Fina.Aloise@gmail.com,doctor,380
480,Carmela,Randene,Carmela.Randene@yopmail.com,Carmela.Randene@gmail.com,worker,381
481,Vivia,My,Vivia.My@yopmail.com,Vivia.My@gmail.com,worker,382
482,Siana,Cherianne,Siana.Cherianne@yopmail.com,Siana.Cherianne@gmail.com,firefighter,383
483,Ruthe,Tryck,Ruthe.Tryck@yopmail.com,Ruthe.Tryck@gmail.com,worker,384
484,Lindie,Pond,Lindie.Pond@yopmail.com,Lindie.Pond@gmail.com,worker,385
485,Rori,Maryanne,Rori.Maryanne@yopmail.com,Rori.Maryanne@gmail.com,worker,386
486,Britte,Kellby,Britte.Kellby@yopmail.com,Britte.Kellby@gmail.com,doctor,387
487,Adore,Colp,Adore.Colp@yopmail.com,Adore.Colp@gmail.com,developer,388
488,Emmey,Laverne,Emmey.Laverne@yopmail.com,Emmey.Laverne@gmail.com,police officer,389
489,Lynde,Waite,Lynde.Waite@yopmail.com,Lynde.Waite@gmail.com,doctor,390
490,Tersina,Kelula,Tersina.Kelula@yopmail.com,Tersina.Kelula@gmail.com,police officer,391
491,Marleah,Rad,Marleah.Rad@yopmail.com,Marleah.Rad@gmail.com,developer,392
492,Pollyanna,Swanhildas,Pollyanna.Swanhildas@yopmail.com,Pollyanna.Swanhildas@gmail.com,doctor,393
493,Flory,Imelida,Flory.Imelida@yopmail.com,Flory.Imelida@gmail.com,police officer,394
494,Amelia,Noelyn,Amelia.Noelyn@yopmail.com,Amelia.Noelyn@gmail.com,police officer,395
495,Arabel,Meter,Arabel.Meter@yopmail.com,Arabel.Meter@gmail.com,developer,396
496,Felice,Birdella,Felice.Birdella@yopmail.com,Felice.Birdella@gmail.com,police officer,397
497,Nickie,Stacy,Nickie.Stacy@yopmail.com,Nickie.Stacy@gmail.com,police officer,398
498,Evita,McLaughlin,Evita.McLaughlin@yopmail.com,Evita.McLaughlin@gmail.com,police officer,399
499,Mathilda,Teddman,Mathilda.Teddman@yopmail.com,Mathilda.Teddman@gmail.com,worker,400
500,Zsa Zsa,Infield,Zsa Zsa.Infield@yopmail.com,Zsa Zsa.Infield@gmail.com,doctor,401
501,Letizia,Pitt,Letizia.Pitt@yopmail.com,Letizia.Pitt@gmail.com,firefighter,402
502,Corry,Vernier,Corry.Vernier@yopmail.com,Corry.Vernier@gmail.com,police officer,403
503,Talya,Idelia,Talya.Idelia@yopmail.com,Talya.Idelia@gmail.com,firefighter,404
504,Catrina,Abernon,Catrina.Abernon@yopmail.com,Catrina.Abernon@gmail.com,developer,405
505,Kial,Erskine,Kial.Erskine@yopmail.com,Kial.Erskine@gmail.com,doctor,406
506,Jaime,Erskine,Jaime.Erskine@yopmail.com,Jaime.Erskine@gmail.com,doctor,407
507,Ebonee,Tillford,Ebonee.Tillford@yopmail.com,Ebonee.Tillford@gmail.com,worker,408
508,Janis,Raul,Janis.Raul@yopmail.com,Janis.Raul@gmail.com,firefighter,409
509,Rozele,Aprile,Rozele.Aprile@yopmail.com,Rozele.Aprile@gmail.com,developer,410
510,Emelina,Montgomery,Emelina.Montgomery@yopmail.com,Emelina.Montgomery@gmail.com,firefighter,411
511,Calla,Selway,Calla.Selway@yopmail.com,Calla.Selway@gmail.com,firefighter,412
512,Peri,Cornelia,Peri.Cornelia@yopmail.com,Peri.Cornelia@gmail.com,police officer,413
513,Carlie,Egbert,Carlie.Egbert@yopmail.com,Carlie.Egbert@gmail.com,police officer,414
514,Genovera,Helfand,Genovera.Helfand@yopmail.com,Genovera.Helfand@gmail.com,worker,415
515,Sandie,Pozzy,Sandie.Pozzy@yopmail.com,Sandie.Pozzy@gmail.com,police officer,416
516,Kaja,Philipp,Kaja.Philipp@yopmail.com,Kaja.Philipp@gmail.com,firefighter,417
517,Aili,Sheedy,Aili.Sheedy@yopmail.com,Aili.Sheedy@gmail.com,developer,418
518,Marguerite,Couture,Marguerite.Couture@yopmail.com,Marguerite.Couture@gmail.com,developer,419
519,Tracey,Toffic,Tracey.Toffic@yopmail.com,Tracey.Toffic@gmail.com,firefighter,420
520,Anica,Shaddock,Anica.Shaddock@yopmail.com,Anica.Shaddock@gmail.com,doctor,421
521,Doro,Leffen,Doro.Leffen@yopmail.com,Doro.Leffen@gmail.com,developer,422
522,Nananne,Primalia,Nananne.Primalia@yopmail.com,Nananne.Primalia@gmail.com,firefighter,423
523,Reeba,Georas,Reeba.Georas@yopmail.com,Reeba.Georas@gmail.com,police officer,424
524,Cam,Barney,Cam.Barney@yopmail.com,Cam.Barney@gmail.com,developer,425
525,Adriana,Suk,Adriana.Suk@yopmail.com,Adriana.Suk@gmail.com,police officer,426
526,Blinni,Cassius,Blinni.Cassius@yopmail.com,Blinni.Cassius@gmail.com,doctor,427
527,Sandie,Klotz,Sandie.Klotz@yopmail.com,Sandie.Klotz@gmail.com,worker,428
528,Merry,Gamaliel,Merry.Gamaliel@yopmail.com,Merry.Gamaliel@gmail.com,worker,429
529,Carilyn,Emmy,Carilyn.Emmy@yopmail.com,Carilyn.Emmy@gmail.com,developer,430
530,Shaine,Valerio,Shaine.Valerio@yopmail.com,Shaine.Valerio@gmail.com,developer,431
531,Tilly,Creamer,Tilly.Creamer@yopmail.com,Tilly.Creamer@gmail.com,worker,432
532,Cassandra,Orelee,Cassandra.Orelee@yopmail.com,Cassandra.Orelee@gmail.com,developer,433
533,Dorthy,Telfer,Dorthy.Telfer@yopmail.com,Dorthy.Telfer@gmail.com,developer,434
534,Celisse,Gemini,Celisse.Gemini@yopmail.com,Celisse.Gemini@gmail.com,developer,435
535,Deane,Kelula,Deane.Kelula@yopmail.com,Deane.Kelula@gmail.com,police officer,436
536,Minne,Goth,Minne.Goth@yopmail.com,Minne.Goth@gmail.com,firefighter,437
537,Rivalee,Winthorpe,Rivalee.Winthorpe@yopmail.com,Rivalee.Winthorpe@gmail.com,developer,438
538,Codie,Land,Codie.Land@yopmail.com,Codie.Land@gmail.com,police officer,439
539,Georgetta,Trinetta,Georgetta.Trinetta@yopmail.com,Georgetta.Trinetta@gmail.com,developer,440
540,Livvyy,Laurianne,Livvyy.Laurianne@yopmail.com,Livvyy.Laurianne@gmail.com,worker,441
541,Madalyn,Richers,Madalyn.Richers@yopmail.com,Madalyn.Richers@gmail.com,firefighter,442
542,Winifred,Reneta,Winifred.Reneta@yopmail.com,Winifred.Reneta@gmail.com,worker,443
543,Binny,Lory,Binny.Lory@yopmail.com,Binny.Lory@gmail.com,firefighter,444
544,Laure,Phi,Laure.Phi@yopmail.com,Laure.Phi@gmail.com,developer,445
545,Fanny,Fontana,Fanny.Fontana@yopmail.com,Fanny.Fontana@gmail.com,doctor,446
546,Riannon,Margret,Riannon.Margret@yopmail.com,Riannon.Margret@gmail.com,firefighter,447
547,Alia,Drus,Alia.Drus@yopmail.com,Alia.Drus@gmail.com,worker,448
548,Zsa Zsa,Casimir,Zsa Zsa.Casimir@yopmail.com,Zsa Zsa.Casimir@gmail.com,doctor,449
549,Darlleen,Dreda,Darlleen.Dreda@yopmail.com,Darlleen.Dreda@gmail.com,police officer,450
550,Gilda,Quinn,Gilda.Quinn@yopmail.com,Gilda.Quinn@gmail.com,firefighter,451
551,Stevana,Stelle,Stevana.Stelle@yopmail.com,Stevana.Stelle@gmail.com,doctor,452
552,Dania,Natalia,Dania.Natalia@yopmail.com,Dania.Natalia@gmail.com,developer,453
553,Gwyneth,Calhoun,Gwyneth.Calhoun@yopmail.com,Gwyneth.Calhoun@gmail.com,firefighter,454
554,Calla,Randene,Calla.Randene@yopmail.com,Calla.Randene@gmail.com,developer,455
555,Harmonia,Genna,Harmonia.Genna@yopmail.com,Harmonia.Genna@gmail.com,doctor,456
556,Annora,Louanna,Annora.Louanna@yopmail.com,Annora.Louanna@gmail.com,worker,457
557,Sandie,Carvey,Sandie.Carvey@yopmail.com,Sandie.Carvey@gmail.com,police officer,458
558,Rivalee,Fiester,Rivalee.Fiester@yopmail.com,Rivalee.Fiester@gmail.com,doctor,459
559,Kate,Elsinore,Kate.Elsinore@yopmail.com,Kate.Elsinore@gmail.com,doctor,460
560,Candy,Clywd,Candy.Clywd@yopmail.com,Candy.Clywd@gmail.com,police officer,461
561,Mireielle,Shaddock,Mireielle.Shaddock@yopmail.com,Mireielle.Shaddock@gmail.com,firefighter,462
562,Mary,Capello,Mary.Capello@yopmail.com,Mary.Capello@gmail.com,developer,463
563,Kary,Terencio,Kary.Terencio@yopmail.com,Kary.Terencio@gmail.com,developer,464
564,Patricia,Gerge,Patricia.Gerge@yopmail.com,Patricia.Gerge@gmail.com,developer,465
565,Melanie,Kaete,Melanie.Kaete@yopmail.com,Melanie.Kaete@gmail.com,firefighter,466
566,Ivett,Shama,Ivett.Shama@yopmail.com,Ivett.Shama@gmail.com,developer,467
567,Rhea,Faso,Rhea.Faso@yopmail.com,Rhea.Faso@gmail.com,firefighter,468
568,Angela,Karl,Angela.Karl@yopmail.com,Angela.Karl@gmail.com,doctor,469
569,Elsie,Nadia,Elsie.Nadia@yopmail.com,Elsie.Nadia@gmail.com,worker,470
570,Sharai,Kellby,Sharai.Kellby@yopmail.com,Sharai.Kellby@gmail.com,police officer,471
571,Almeta,Armanda,Almeta.Armanda@yopmail.com,Almeta.Armanda@gmail.com,developer,472
572,Doro,Willie,Doro.Willie@yopmail.com,Doro.Willie@gmail.com,developer,473
573,Rosaline,Mandler,Rosaline.Mandler@yopmail.com,Rosaline.Mandler@gmail.com,firefighter,474
574,Mureil,Belldas,Mureil.Belldas@yopmail.com,Mureil.Belldas@gmail.com,firefighter,475
575,Lynnea,Gaynor,Lynnea.Gaynor@yopmail.com,Lynnea.Gaynor@gmail.com,doctor,476
576,Lizzie,Harriman,Lizzie.Harriman@yopmail.com,Lizzie.Harriman@gmail.com,developer,477
577,Cindelyn,Raimondo,Cindelyn.Raimondo@yopmail.com,Cindelyn.Raimondo@gmail.com,doctor,478
578,Sam,Justinn,Sam.Justinn@yopmail.com,Sam.Justinn@gmail.com,firefighter,479
579,Hettie,Bendick,Hettie.Bendick@yopmail.com,Hettie.Bendick@gmail.com,worker,480
580,Shell,Hailee,Shell.Hailee@yopmail.com,Shell.Hailee@gmail.com,firefighter,481
581,Lolita,Alejoa,Lolita.Alejoa@yopmail.com,Lolita.Alejoa@gmail.com,worker,482
582,Letizia,Karylin,Letizia.Karylin@yopmail.com,Letizia.Karylin@gmail.com,worker,483
583,Jacenta,Chauncey,Jacenta.Chauncey@yopmail.com,Jacenta.Chauncey@gmail.com,worker,484
584,Aurelie,Eachern,Aurelie.Eachern@yopmail.com,Aurelie.Eachern@gmail.com,firefighter,485
585,Harrietta,Dyche,Harrietta.Dyche@yopmail.com,Harrietta.Dyche@gmail.com,firefighter,486
586,Aurore,Han,Aurore.Han@yopmail.com,Aurore.Han@gmail.com,firefighter,487
587,Cherilyn,Sadowski,Cherilyn.Sadowski@yopmail.com,Cherilyn.Sadowski@gmail.com,doctor,488
588,Merrie,Daveta,Merrie.Daveta@yopmail.com,Merrie.Daveta@gmail.com,doctor,489
589,Candy,Iaverne,Candy.Iaverne@yopmail.com,Candy.Iaverne@gmail.com,developer,490
590,Imojean,Millda,Imojean.Millda@yopmail.com,Imojean.Millda@gmail.com,developer,491
591,Evaleen,Gaynor,Evaleen.Gaynor@yopmail.com,Evaleen.Gaynor@gmail.com,developer,492
592,Dale,Ethban,Dale.Ethban@yopmail.com,Dale.Ethban@gmail.com,worker,493
593,Corly,Norrie,Corly.Norrie@yopmail.com,Corly.Norrie@gmail.com,worker,494
594,Caressa,Selway,Caressa.Selway@yopmail.com,Caressa.Selway@gmail.com,doctor,495
595,Andree,Kevon,Andree.Kevon@yopmail.com,Andree.Kevon@gmail.com,police officer,496
596,Nerta,Erlandson,Nerta.Erlandson@yopmail.com,Nerta.Erlandson@gmail.com,police officer,497
597,Meghann,Linskey,Meghann.Linskey@yopmail.com,Meghann.Linskey@gmail.com,police officer,498
598,Brianna,Mullane,Brianna.Mullane@yopmail.com,Brianna.Mullane@gmail.com,firefighter,499
599,Hayley,Gombach,Hayley.Gombach@yopmail.com,Hayley.Gombach@gmail.com,firefighter,500
600,Mignon,Rosette,Mignon.Rosette@yopmail.com,Mignon.Rosette@gmail.com,police officer,501
601,Caryl,Argus,Caryl.Argus@yopmail.com,Caryl.Argus@gmail.com,worker,502
602,Katuscha,Fabiola,Katuscha.Fabiola@yopmail.com,Katuscha.Fabiola@gmail.com,police officer,503
603,Shandie,Masao,Shandie.Masao@yopmail.com,Shandie.Masao@gmail.com,worker,504
604,Selma,Himelman,Selma.Himelman@yopmail.com,Selma.Himelman@gmail.com,worker,505
605,Annice,Millda,Annice.Millda@yopmail.com,Annice.Millda@gmail.com,doctor,506
606,Charmaine,Glenden,Charmaine.Glenden@yopmail.com,Charmaine.Glenden@gmail.com,police officer,507
607,Therine,Duwalt,Therine.Duwalt@yopmail.com,Therine.Duwalt@gmail.com,police officer,508
608,Gusty,Dermott,Gusty.Dermott@yopmail.com,Gusty.Dermott@gmail.com,firefighter,509
609,Carilyn,Christine,Carilyn.Christine@yopmail.com,Carilyn.Christine@gmail.com,worker,510
610,Demetris,Gualtiero,Demetris.Gualtiero@yopmail.com,Demetris.Gualtiero@gmail.com,doctor,511
611,Atlanta,Wesle,Atlanta.Wesle@yopmail.com,Atlanta.Wesle@gmail.com,doctor,512
612,Aeriela,Oneida,Aeriela.Oneida@yopmail.com,Aeriela.Oneida@gmail.com,doctor,513
613,Beatriz,Capello,Beatriz.Capello@yopmail.com,Beatriz.Capello@gmail.com,police officer,514
614,Sadie,Alisia,Sadie.Alisia@yopmail.com,Sadie.Alisia@gmail.com,worker,515
615,Madeleine,Constancy,Madeleine.Constancy@yopmail.com,Madeleine.Constancy@gmail.com,firefighter,516
616,Ulrike,Irmine,Ulrike.Irmine@yopmail.com,Ulrike.Irmine@gmail.com,developer,517
617,Coral,Sundin,Coral.Sundin@yopmail.com,Coral.Sundin@gmail.com,police officer,518
618,Dennie,Roumell,Dennie.Roumell@yopmail.com,Dennie.Roumell@gmail.com,worker,519
619,Regina,Laurianne,Regina.Laurianne@yopmail.com,Regina.Laurianne@gmail.com,developer,520
620,Damaris,Moseley,Damaris.Moseley@yopmail.com,Damaris.Moseley@gmail.com,worker,521
621,Hyacinthe,Gualtiero,Hyacinthe.Gualtiero@yopmail.com,Hyacinthe.Gualtiero@gmail.com,worker,522
622,Zondra,Fitzsimmons,Zondra.Fitzsimmons@yopmail.com,Zondra.Fitzsimmons@gmail.com,police officer,523
623,Thalia,Madaih,Thalia.Madaih@yopmail.com,Thalia.Madaih@gmail.com,developer,524
624,Flory,Tamar,Flory.Tamar@yopmail.com,Flory.Tamar@gmail.com,developer,525
625,Rivalee,Ursulette,Rivalee.Ursulette@yopmail.com,Rivalee.Ursulette@gmail.com,police officer,526
626,Lyssa,Ade,Lyssa.Ade@yopmail.com,Lyssa.Ade@gmail.com,firefighter,527
627,Clementine,Marijo,Clementine.Marijo@yopmail.com,Clementine.Marijo@gmail.com,police officer,528
628,Charmaine,Tyson,Charmaine.Tyson@yopmail.com,Charmaine.Tyson@gmail.com,developer,529
629,Robinia,Syd,Robinia.Syd@yopmail.com,Robinia.Syd@gmail.com,police officer,530
630,Ira,Margarete,Ira.Margarete@yopmail.com,Ira.Margarete@gmail.com,firefighter,531
631,Lorie,Darbie,Lorie.Darbie@yopmail.com,Lorie.Darbie@gmail.com,police officer,532
632,Sibella,Rogerio,Sibella.Rogerio@yopmail.com,Sibella.Rogerio@gmail.com,police officer,533
633,Hannis,Ortrude,Hannis.Ortrude@yopmail.com,Hannis.Ortrude@gmail.com,doctor,534
634,Jobi,Pip,Jobi.Pip@yopmail.com,Jobi.Pip@gmail.com,police officer,535
635,Kaja,Emanuel,Kaja.Emanuel@yopmail.com,Kaja.Emanuel@gmail.com,police officer,536
636,Tressa,Heidt,Tressa.Heidt@yopmail.com,Tressa.Heidt@gmail.com,doctor,537
637,Sharai,Olin,Sharai.Olin@yopmail.com,Sharai.Olin@gmail.com,doctor,538
638,Ira,Candy,Ira.Candy@yopmail.com,Ira.Candy@gmail.com,worker,539
639,Dagmar,Israeli,Dagmar.Israeli@yopmail.com,Dagmar.Israeli@gmail.com,firefighter,540
640,Kaia,Chesna,Kaia.Chesna@yopmail.com,Kaia.Chesna@gmail.com,police officer,541
641,Joceline,Lacombe,Joceline.Lacombe@yopmail.com,Joceline.Lacombe@gmail.com,worker,542
642,Barbara,Artie,Barbara.Artie@yopmail.com,Barbara.Artie@gmail.com,police officer,543
643,Rosaline,Atonsah,Rosaline.Atonsah@yopmail.com,Rosaline.Atonsah@gmail.com,developer,544
644,Tierney,Curren,Tierney.Curren@yopmail.com,Tierney.Curren@gmail.com,developer,545
645,Violet,Erskine,Violet.Erskine@yopmail.com,Violet.Erskine@gmail.com,firefighter,546
646,Louella,Eldrid,Louella.Eldrid@yopmail.com,Louella.Eldrid@gmail.com,worker,547
647,Lusa,Ovid,Lusa.Ovid@yopmail.com,Lusa.Ovid@gmail.com,police officer,548
648,Roberta,Philipp,Roberta.Philipp@yopmail.com,Roberta.Philipp@gmail.com,police officer,549
649,Riannon,Freddi,Riannon.Freddi@yopmail.com,Riannon.Freddi@gmail.com,firefighter,550
650,Hannis,Honoria,Hannis.Honoria@yopmail.com,Hannis.Honoria@gmail.com,police officer,551
651,Anthia,Paine,Anthia.Paine@yopmail.com,Anthia.Paine@gmail.com,developer,552
652,Rochette,Zuzana,Rochette.Zuzana@yopmail.com,Rochette.Zuzana@gmail.com,developer,553
653,Jessy,Pernick,Jessy.Pernick@yopmail.com,Jessy.Pernick@gmail.com,developer,554
654,Leontine,Vharat,Leontine.Vharat@yopmail.com,Leontine.Vharat@gmail.com,firefighter,555
655,Celestyna,Swigart,Celestyna.Swigart@yopmail.com,Celestyna.Swigart@gmail.com,doctor,556
656,Kathi,Kamaria,Kathi.Kamaria@yopmail.com,Kathi.Kamaria@gmail.com,developer,557
657,Veda,Trace,Veda.Trace@yopmail.com,Veda.Trace@gmail.com,police officer,558
658,Alejandra,Heidt,Alejandra.Heidt@yopmail.com,Alejandra.Heidt@gmail.com,doctor,559
659,Michaelina,Giff,Michaelina.Giff@yopmail.com,Michaelina.Giff@gmail.com,police officer,560
660,Ariela,Alarise,Ariela.Alarise@yopmail.com,Ariela.Alarise@gmail.com,developer,561
661,Marline,Lay,Marline.Lay@yopmail.com,Marline.Lay@gmail.com,developer,562
662,Celestyna,Joeann,Celestyna.Joeann@yopmail.com,Celestyna.Joeann@gmail.com,developer,563
663,Doralynne,Auberbach,Doralynne.Auberbach@yopmail.com,Doralynne.Auberbach@gmail.com,doctor,564
664,Ingrid,Billye,Ingrid.Billye@yopmail.com,Ingrid.Billye@gmail.com,developer,565
665,Ofilia,Goerke,Ofilia.Goerke@yopmail.com,Ofilia.Goerke@gmail.com,worker,566
666,Amelia,Fairweather,Amelia.Fairweather@yopmail.com,Amelia.Fairweather@gmail.com,developer,567
667,Cherilyn,Tiffa,Cherilyn.Tiffa@yopmail.com,Cherilyn.Tiffa@gmail.com,developer,568
668,Marnia,Colleen,Marnia.Colleen@yopmail.com,Marnia.Colleen@gmail.com,doctor,569
669,Lulita,Wadell,Lulita.Wadell@yopmail.com,Lulita.Wadell@gmail.com,firefighter,570
670,Evaleen,Gahl,Evaleen.Gahl@yopmail.com,Evaleen.Gahl@gmail.com,doctor,571
671,Evaleen,Ashely,Evaleen.Ashely@yopmail.com,Evaleen.Ashely@gmail.com,doctor,572
672,Raina,Laurianne,Raina.Laurianne@yopmail.com,Raina.Laurianne@gmail.com,police officer,573
673,Marinna,Leffen,Marinna.Leffen@yopmail.com,Marinna.Leffen@gmail.com,worker,574
674,Jemie,Tayib,Jemie.Tayib@yopmail.com,Jemie.Tayib@gmail.com,developer,575
675,Cathyleen,Libna,Cathyleen.Libna@yopmail.com,Cathyleen.Libna@gmail.com,firefighter,576
676,Aryn,Ezar,Aryn.Ezar@yopmail.com,Aryn.Ezar@gmail.com,worker,577
677,Rubie,Shirberg,Rubie.Shirberg@yopmail.com,Rubie.Shirberg@gmail.com,developer,578
678,Chastity,Garek,Chastity.Garek@yopmail.com,Chastity.Garek@gmail.com,firefighter,579
679,Nickie,Danby,Nickie.Danby@yopmail.com,Nickie.Danby@gmail.com,firefighter,580
680,Jessamyn,Peonir,Jessamyn.Peonir@yopmail.com,Jessamyn.Peonir@gmail.com,worker,581
681,Marjie,Frodi,Marjie.Frodi@yopmail.com,Marjie.Frodi@gmail.com,doctor,582
682,Lory,Palocz,Lory.Palocz@yopmail.com,Lory.Palocz@gmail.com,developer,583
683,Dode,Camden,Dode.Camden@yopmail.com,Dode.Camden@gmail.com,worker,584
684,Sissy,Cherianne,Sissy.Cherianne@yopmail.com,Sissy.Cherianne@gmail.com,doctor,585
685,Lynde,Stevy,Lynde.Stevy@yopmail.com,Lynde.Stevy@gmail.com,police officer,586
686,Kore,Florina,Kore.Florina@yopmail.com,Kore.Florina@gmail.com,police officer,587
687,Ursulina,Bahr,Ursulina.Bahr@yopmail.com,Ursulina.Bahr@gmail.com,doctor,588
688,Fayre,Judye,Fayre.Judye@yopmail.com,Fayre.Judye@gmail.com,doctor,589
689,Vevay,Minetta,Vevay.Minetta@yopmail.com,Vevay.Minetta@gmail.com,worker,590
690,Wanda,Maxi,Wanda.Maxi@yopmail.com,Wanda.Maxi@gmail.com,police officer,591
691,Layla,Klemperer,Layla.Klemperer@yopmail.com,Layla.Klemperer@gmail.com,doctor,592
692,Merle,Merna,Merle.Merna@yopmail.com,Merle.Merna@gmail.com,firefighter,593
693,Alia,Nunci,Alia.Nunci@yopmail.com,Alia.Nunci@gmail.com,worker,594
694,Frances,Shama,Frances.Shama@yopmail.com,Frances.Shama@gmail.com,doctor,595
695,Florencia,Anton,Florencia.Anton@yopmail.com,Florencia.Anton@gmail.com,doctor,596
696,Maryellen,Johanna,Maryellen.Johanna@yopmail.com,Maryellen.Johanna@gmail.com,doctor,597
697,Dorice,Hull,Dorice.Hull@yopmail.com,Dorice.Hull@gmail.com,doctor,598
698,Karly,Lareena,Karly.Lareena@yopmail.com,Karly.Lareena@gmail.com,doctor,599
699,Zia,Reidar,Zia.Reidar@yopmail.com,Zia.Reidar@gmail.com,firefighter,600
700,Olwen,Campball,Olwen.Campball@yopmail.com,Olwen.Campball@gmail.com,doctor,601
701,Beverley,Manolo,Beverley.Manolo@yopmail.com,Beverley.Manolo@gmail.com,firefighter,602
702,Jorry,Baudin,Jorry.Baudin@yopmail.com,Jorry.Baudin@gmail.com,worker,603
703,Jean,Anderea,Jean.Anderea@yopmail.com,Jean.Anderea@gmail.com,doctor,604
704,Tarra,Ochs,Tarra.Ochs@yopmail.com,Tarra.Ochs@gmail.com,doctor,605
705,Edith,Selway,Edith.Selway@yopmail.com,Edith.Selway@gmail.com,firefighter,606
706,Margette,Allare,Margette.Allare@yopmail.com,Margette.Allare@gmail.com,developer,607
707,Jennica,Ariella,Jennica.Ariella@yopmail.com,Jennica.Ariella@gmail.com,police officer,608
708,Albertina,Rona,Albertina.Rona@yopmail.com,Albertina.Rona@gmail.com,police officer,609
709,Pierette,Elbertina,Pierette.Elbertina@yopmail.com,Pierette.Elbertina@gmail.com,firefighter,610
710,Donetta,Kimmie,Donetta.Kimmie@yopmail.com,Donetta.Kimmie@gmail.com,firefighter,611
711,Bill,Heisel,Bill.Heisel@yopmail.com,Bill.Heisel@gmail.com,doctor,612
712,Vanessa,Hoban,Vanessa.Hoban@yopmail.com,Vanessa.Hoban@gmail.com,police officer,613
713,Sarette,Orpah,Sarette.Orpah@yopmail.com,Sarette.Orpah@gmail.com,worker,614
714,Jennica,Paton,Jennica.Paton@yopmail.com,Jennica.Paton@gmail.com,developer,615
715,Carilyn,Robertson,Carilyn.Robertson@yopmail.com,Carilyn.Robertson@gmail.com,developer,616
716,Dede,Margret,Dede.Margret@yopmail.com,Dede.Margret@gmail.com,worker,617
717,Carree,Lumbard,Carree.Lumbard@yopmail.com,Carree.Lumbard@gmail.com,worker,618
718,Cecile,Dearborn,Cecile.Dearborn@yopmail.com,Cecile.Dearborn@gmail.com,police officer,619
719,Hermione,Romelda,Hermione.Romelda@yopmail.com,Hermione.Romelda@gmail.com,firefighter,620
720,Bertine,Magnolia,Bertine.Magnolia@yopmail.com,Bertine.Magnolia@gmail.com,firefighter,621
721,Jenilee,Timon,Jenilee.Timon@yopmail.com,Jenilee.Timon@gmail.com,police officer,622
722,Jobi,Orpah,Jobi.Orpah@yopmail.com,Jobi.Orpah@gmail.com,worker,623
723,Kassey,Voletta,Kassey.Voletta@yopmail.com,Kassey.Voletta@gmail.com,developer,624
724,Nyssa,Hylan,Nyssa.Hylan@yopmail.com,Nyssa.Hylan@gmail.com,worker,625
725,Chandra,Ashely,Chandra.Ashely@yopmail.com,Chandra.Ashely@gmail.com,police officer,626
726,Arlena,Bebe,Arlena.Bebe@yopmail.com,Arlena.Bebe@gmail.com,developer,627
727,Glynnis,Zaslow,Glynnis.Zaslow@yopmail.com,Glynnis.Zaslow@gmail.com,developer,628
728,Sidoney,Podvin,Sidoney.Podvin@yopmail.com,Sidoney.Podvin@gmail.com,police officer,629
729,Althea,Adore,Althea.Adore@yopmail.com,Althea.Adore@gmail.com,worker,630
730,Heddie,Avi,Heddie.Avi@yopmail.com,Heddie.Avi@gmail.com,developer,631
731,Bettine,Hewitt,Bettine.Hewitt@yopmail.com,Bettine.Hewitt@gmail.com,developer,632
732,Krystle,Karl,Krystle.Karl@yopmail.com,Krystle.Karl@gmail.com,developer,633
733,Jaclyn,Brieta,Jaclyn.Brieta@yopmail.com,Jaclyn.Brieta@gmail.com,police officer,634
734,Di,Barney,Di.Barney@yopmail.com,Di.Barney@gmail.com,developer,635
735,Dotty,Schlosser,Dotty.Schlosser@yopmail.com,Dotty.Schlosser@gmail.com,developer,636
736,Tybie,Blisse,Tybie.Blisse@yopmail.com,Tybie.Blisse@gmail.com,worker,637
737,Yolane,Odell,Yolane.Odell@yopmail.com,Yolane.Odell@gmail.com,police officer,638
738,Iseabal,Orpah,Iseabal.Orpah@yopmail.com,Iseabal.Orpah@gmail.com,firefighter,639
739,Rori,Baylor,Rori.Baylor@yopmail.com,Rori.Baylor@gmail.com,police officer,640
740,Maisey,Lasley,Maisey.Lasley@yopmail.com,Maisey.Lasley@gmail.com,worker,641
741,Kial,Weinreb,Kial.Weinreb@yopmail.com,Kial.Weinreb@gmail.com,worker,642
742,Katuscha,Freddi,Katuscha.Freddi@yopmail.com,Katuscha.Freddi@gmail.com,doctor,643
743,Fanchon,Rad,Fanchon.Rad@yopmail.com,Fanchon.Rad@gmail.com,doctor,644
744,Angela,Heidt,Angela.Heidt@yopmail.com,Angela.Heidt@gmail.com,developer,645
745,Basia,Bethany,Basia.Bethany@yopmail.com,Basia.Bethany@gmail.com,police officer,646
746,Lexine,Brunell,Lexine.Brunell@yopmail.com,Lexine.Brunell@gmail.com,doctor,647
747,Sheree,Joeann,Sheree.Joeann@yopmail.com,Sheree.Joeann@gmail.com,doctor,648
748,Annice,Bakerman,Annice.Bakerman@yopmail.com,Annice.Bakerman@gmail.com,police officer,649
749,Codie,Desai,Codie.Desai@yopmail.com,Codie.Desai@gmail.com,firefighter,650
750,Dianemarie,Edvard,Dianemarie.Edvard@yopmail.com,Dianemarie.Edvard@gmail.com,police officer,651
751,Sandie,Cavan,Sandie.Cavan@yopmail.com,Sandie.Cavan@gmail.com,worker,652
752,Betta,Noam,Betta.Noam@yopmail.com,Betta.Noam@gmail.com,police officer,653
753,Babita,Virgin,Babita.Virgin@yopmail.com,Babita.Virgin@gmail.com,developer,654
754,Binny,Lorain,Binny.Lorain@yopmail.com,Binny.Lorain@gmail.com,firefighter,655
755,Codie,Smitt,Codie.Smitt@yopmail.com,Codie.Smitt@gmail.com,developer,656
756,Lolita,Hubert,Lolita.Hubert@yopmail.com,Lolita.Hubert@gmail.com,worker,657
757,Patricia,Codding,Patricia.Codding@yopmail.com,Patricia.Codding@gmail.com,developer,658
758,Glynnis,Trinetta,Glynnis.Trinetta@yopmail.com,Glynnis.Trinetta@gmail.com,firefighter,659
759,Tabbatha,Iaverne,Tabbatha.Iaverne@yopmail.com,Tabbatha.Iaverne@gmail.com,developer,660
760,Quintina,Love,Quintina.Love@yopmail.com,Quintina.Love@gmail.com,developer,661
761,Gaylene,Ammann,Gaylene.Ammann@yopmail.com,Gaylene.Ammann@gmail.com,doctor,662
762,Arlina,Rodmann,Arlina.Rodmann@yopmail.com,Arlina.Rodmann@gmail.com,doctor,663
763,Rochette,Ivens,Rochette.Ivens@yopmail.com,Rochette.Ivens@gmail.com,firefighter,664
764,Sybille,Harl,Sybille.Harl@yopmail.com,Sybille.Harl@gmail.com,worker,665
765,Sonni,Rebecka,Sonni.Rebecka@yopmail.com,Sonni.Rebecka@gmail.com,firefighter,666
766,Lyssa,Kendrick,Lyssa.Kendrick@yopmail.com,Lyssa.Kendrick@gmail.com,firefighter,667
767,Dotty,Dorine,Dotty.Dorine@yopmail.com,Dotty.Dorine@gmail.com,doctor,668
768,Jaime,Barrus,Jaime.Barrus@yopmail.com,Jaime.Barrus@gmail.com,developer,669
769,Neila,Jacqui,Neila.Jacqui@yopmail.com,Neila.Jacqui@gmail.com,worker,670
770,Caritta,Leopold,Caritta.Leopold@yopmail.com,Caritta.Leopold@gmail.com,firefighter,671
771,Dawn,Winnick,Dawn.Winnick@yopmail.com,Dawn.Winnick@gmail.com,police officer,672
772,Sibella,Presber,Sibella.Presber@yopmail.com,Sibella.Presber@gmail.com,worker,673
773,Merrie,Zina,Merrie.Zina@yopmail.com,Merrie.Zina@gmail.com,worker,674
774,Tatiania,Monk,Tatiania.Monk@yopmail.com,Tatiania.Monk@gmail.com,worker,675
775,Raquela,Margret,Raquela.Margret@yopmail.com,Raquela.Margret@gmail.com,firefighter,676
776,Dania,Japeth,Dania.Japeth@yopmail.com,Dania.Japeth@gmail.com,developer,677
777,Konstance,Sherfield,Konstance.Sherfield@yopmail.com,Konstance.Sherfield@gmail.com,developer,678
778,Phylis,Gilmour,Phylis.Gilmour@yopmail.com,Phylis.Gilmour@gmail.com,doctor,679
779,Goldie,Georas,Goldie.Georas@yopmail.com,Goldie.Georas@gmail.com,police officer,680
780,Halette,Jess,Halette.Jess@yopmail.com,Halette.Jess@gmail.com,developer,681
781,Daryl,Evvie,Daryl.Evvie@yopmail.com,Daryl.Evvie@gmail.com,developer,682
782,Meg,Ledah,Meg.Ledah@yopmail.com,Meg.Ledah@gmail.com,police officer,683
783,Karlee,Stav,Karlee.Stav@yopmail.com,Karlee.Stav@gmail.com,worker,684
784,Lynde,Zetta,Lynde.Zetta@yopmail.com,Lynde.Zetta@gmail.com,police officer,685
785,Evita,Sheng,Evita.Sheng@yopmail.com,Evita.Sheng@gmail.com,police officer,686
786,Kerrin,Masao,Kerrin.Masao@yopmail.com,Kerrin.Masao@gmail.com,developer,687
787,Rayna,Cottle,Rayna.Cottle@yopmail.com,Rayna.Cottle@gmail.com,developer,688
788,Ginnie,Maryanne,Ginnie.Maryanne@yopmail.com,Ginnie.Maryanne@gmail.com,developer,689
789,Kore,Mintz,Kore.Mintz@yopmail.com,Kore.Mintz@gmail.com,firefighter,690
790,Margarette,Fontana,Margarette.Fontana@yopmail.com,Margarette.Fontana@gmail.com,police officer,691
791,Donetta,Demitria,Donetta.Demitria@yopmail.com,Donetta.Demitria@gmail.com,worker,692
792,Odessa,Brittani,Odessa.Brittani@yopmail.com,Odessa.Brittani@gmail.com,police officer,693
793,Carmencita,Parette,Carmencita.Parette@yopmail.com,Carmencita.Parette@gmail.com,firefighter,694
794,Gale,Margret,Gale.Margret@yopmail.com,Gale.Margret@gmail.com,doctor,695
795,Cassandra,Jehu,Cassandra.Jehu@yopmail.com,Cassandra.Jehu@gmail.com,firefighter,696
796,Blondelle,Schonfeld,Blondelle.Schonfeld@yopmail.com,Blondelle.Schonfeld@gmail.com,developer,697
797,Claresta,Lail,Claresta.Lail@yopmail.com,Claresta.Lail@gmail.com,developer,698
798,Talya,Chick,Talya.Chick@yopmail.com,Talya.Chick@gmail.com,worker,699
799,Dominga,Lindemann,Dominga.Lindemann@yopmail.com,Dominga.Lindemann@gmail.com,worker,700
800,Rivalee,Jillane,Rivalee.Jillane@yopmail.com,Rivalee.Jillane@gmail.com,worker,701
801,Zsa Zsa,Cullin,Zsa Zsa.Cullin@yopmail.com,Zsa Zsa.Cullin@gmail.com,developer,702
802,Beverley,Hebner,Beverley.Hebner@yopmail.com,Beverley.Hebner@gmail.com,police officer,703
803,Dianemarie,Rosemary,Dianemarie.Rosemary@yopmail.com,Dianemarie.Rosemary@gmail.com,developer,704
804,Lynea,Lail,Lynea.Lail@yopmail.com,Lynea.Lail@gmail.com,firefighter,705
805,Sheelagh,Delila,Sheelagh.Delila@yopmail.com,Sheelagh.Delila@gmail.com,worker,706
806,Madeleine,Ingra,Madeleine.Ingra@yopmail.com,Madeleine.Ingra@gmail.com,firefighter,707
807,Korrie,Garrison,Korrie.Garrison@yopmail.com,Korrie.Garrison@gmail.com,firefighter,708
808,Xylina,Gamaliel,Xylina.Gamaliel@yopmail.com,Xylina.Gamaliel@gmail.com,firefighter,709
809,Ottilie,Giff,Ottilie.Giff@yopmail.com,Ottilie.Giff@gmail.com,doctor,710
810,Kore,Melony,Kore.Melony@yopmail.com,Kore.Melony@gmail.com,developer,711
811,Gaylene,Roarke,Gaylene.Roarke@yopmail.com,Gaylene.Roarke@gmail.com,doctor,712
812,Lynde,Belldas,Lynde.Belldas@yopmail.com,Lynde.Belldas@gmail.com,firefighter,713
813,Anallese,Bryna,Anallese.Bryna@yopmail.com,Anallese.Bryna@gmail.com,worker,714
814,Mallory,Verger,Mallory.Verger@yopmail.com,Mallory.Verger@gmail.com,doctor,715
815,Miquela,McAdams,Miquela.McAdams@yopmail.com,Miquela.McAdams@gmail.com,police officer,716
816,Jemie,Ries,Jemie.Ries@yopmail.com,Jemie.Ries@gmail.com,firefighter,717
817,Sarette,Peonir,Sarette.Peonir@yopmail.com,Sarette.Peonir@gmail.com,worker,718
818,Lita,Gemini,Lita.Gemini@yopmail.com,Lita.Gemini@gmail.com,developer,719
819,Johna,Tamar,Johna.Tamar@yopmail.com,Johna.Tamar@gmail.com,firefighter,720
820,Julieta,Rustice,Julieta.Rustice@yopmail.com,Julieta.Rustice@gmail.com,developer,721
821,Amelia,Ethban,Amelia.Ethban@yopmail.com,Amelia.Ethban@gmail.com,doctor,722
822,Devina,Greenwald,Devina.Greenwald@yopmail.com,Devina.Greenwald@gmail.com,doctor,723
823,Corly,Brieta,Corly.Brieta@yopmail.com,Corly.Brieta@gmail.com,doctor,724
824,Georgina,Juan,Georgina.Juan@yopmail.com,Georgina.Juan@gmail.com,police officer,725
825,Chrystel,Pip,Chrystel.Pip@yopmail.com,Chrystel.Pip@gmail.com,police officer,726
826,Zia,Dearborn,Zia.Dearborn@yopmail.com,Zia.Dearborn@gmail.com,doctor,727
827,Robbi,Aaberg,Robbi.Aaberg@yopmail.com,Robbi.Aaberg@gmail.com,police officer,728
828,Thalia,Edvard,Thalia.Edvard@yopmail.com,Thalia.Edvard@gmail.com,police officer,729
829,Marguerite,Ball,Marguerite.Ball@yopmail.com,Marguerite.Ball@gmail.com,firefighter,730
830,Steffane,Dorcy,Steffane.Dorcy@yopmail.com,Steffane.Dorcy@gmail.com,police officer,731
831,Raina,Berl,Raina.Berl@yopmail.com,Raina.Berl@gmail.com,worker,732
832,Rosabelle,Albertine,Rosabelle.Albertine@yopmail.com,Rosabelle.Albertine@gmail.com,police officer,733
833,Phedra,Zola,Phedra.Zola@yopmail.com,Phedra.Zola@gmail.com,developer,734
834,Gabi,Kimmie,Gabi.Kimmie@yopmail.com,Gabi.Kimmie@gmail.com,developer,735
835,Sissy,Gaspard,Sissy.Gaspard@yopmail.com,Sissy.Gaspard@gmail.com,developer,736
836,Kathi,Dimitris,Kathi.Dimitris@yopmail.com,Kathi.Dimitris@gmail.com,police officer,737
837,Jaclyn,Selway,Jaclyn.Selway@yopmail.com,Jaclyn.Selway@gmail.com,developer,738
838,Britni,Alcott,Britni.Alcott@yopmail.com,Britni.Alcott@gmail.com,doctor,739
839,Gale,Gualtiero,Gale.Gualtiero@yopmail.com,Gale.Gualtiero@gmail.com,developer,740
840,Pearline,Rhu,Pearline.Rhu@yopmail.com,Pearline.Rhu@gmail.com,firefighter,741
841,Candi,Hanshaw,Candi.Hanshaw@yopmail.com,Candi.Hanshaw@gmail.com,firefighter,742
842,Dennie,Maurine,Dennie.Maurine@yopmail.com,Dennie.Maurine@gmail.com,doctor,743
843,Minda,Joachim,Minda.Joachim@yopmail.com,Minda.Joachim@gmail.com,developer,744
844,Carmencita,Rubie,Carmencita.Rubie@yopmail.com,Carmencita.Rubie@gmail.com,doctor,745
845,Philis,Bari,Philis.Bari@yopmail.com,Philis.Bari@gmail.com,developer,746
846,Tatiania,Toni,Tatiania.Toni@yopmail.com,Tatiania.Toni@gmail.com,doctor,747
847,Estell,Roarke,Estell.Roarke@yopmail.com,Estell.Roarke@gmail.com,doctor,748
848,Gretal,Bryna,Gretal.Bryna@yopmail.com,Gretal.Bryna@gmail.com,doctor,749
849,Gratia,Bohlin,Gratia.Bohlin@yopmail.com,Gratia.Bohlin@gmail.com,developer,750
850,Ginnie,Hachmin,Ginnie.Hachmin@yopmail.com,Ginnie.Hachmin@gmail.com,police officer,751
851,Doro,Braun,Doro.Braun@yopmail.com,Doro.Braun@gmail.com,worker,752
852,Lizzie,Ellerey,Lizzie.Ellerey@yopmail.com,Lizzie.Ellerey@gmail.com,police officer,753
853,Christal,Land,Christal.Land@yopmail.com,Christal.Land@gmail.com,developer,754
854,Netty,Cavan,Netty.Cavan@yopmail.com,Netty.Cavan@gmail.com,worker,755
855,Catharine,Gemini,Catharine.Gemini@yopmail.com,Catharine.Gemini@gmail.com,police officer,756
856,Heida,Izaak,Heida.Izaak@yopmail.com,Heida.Izaak@gmail.com,worker,757
857,Zaria,Jorgan,Zaria.Jorgan@yopmail.com,Zaria.Jorgan@gmail.com,doctor,758
858,Jeanna,Nerita,Jeanna.Nerita@yopmail.com,Jeanna.Nerita@gmail.com,firefighter,759
859,Trudie,Rolf,Trudie.Rolf@yopmail.com,Trudie.Rolf@gmail.com,firefighter,760
860,Suzette,Merriott,Suzette.Merriott@yopmail.com,Suzette.Merriott@gmail.com,police officer,761
861,Camile,Mott,Camile.Mott@yopmail.com,Camile.Mott@gmail.com,worker,762
862,Shaylyn,Ioab,Shaylyn.Ioab@yopmail.com,Shaylyn.Ioab@gmail.com,police officer,763
863,Glynnis,Milde,Glynnis.Milde@yopmail.com,Glynnis.Milde@gmail.com,police officer,764
864,Anallese,Sherfield,Anallese.Sherfield@yopmail.com,Anallese.Sherfield@gmail.com,worker,765
865,Emma,Carbo,Emma.Carbo@yopmail.com,Emma.Carbo@gmail.com,worker,766
866,Leia,Hilbert,Leia.Hilbert@yopmail.com,Leia.Hilbert@gmail.com,developer,767
867,Doralynne,Merriott,Doralynne.Merriott@yopmail.com,Doralynne.Merriott@gmail.com,police officer,768
868,Meriel,Franza,Meriel.Franza@yopmail.com,Meriel.Franza@gmail.com,doctor,769
869,Lory,Colp,Lory.Colp@yopmail.com,Lory.Colp@gmail.com,worker,770
870,Lacie,Lutero,Lacie.Lutero@yopmail.com,Lacie.Lutero@gmail.com,firefighter,771
871,Nikki,Naor,Nikki.Naor@yopmail.com,Nikki.Naor@gmail.com,firefighter,772
872,Vita,Blisse,Vita.Blisse@yopmail.com,Vita.Blisse@gmail.com,doctor,773
873,Olivette,Vharat,Olivette.Vharat@yopmail.com,Olivette.Vharat@gmail.com,worker,774
874,Chrystel,Khorma,Chrystel.Khorma@yopmail.com,Chrystel.Khorma@gmail.com,doctor,775
875,Mallory,Zrike,Mallory.Zrike@yopmail.com,Mallory.Zrike@gmail.com,developer,776
876,Darlleen,Doig,Darlleen.Doig@yopmail.com,Darlleen.Doig@gmail.com,police officer,777
877,Gisela,Yerkovich,Gisela.Yerkovich@yopmail.com,Gisela.Yerkovich@gmail.com,firefighter,778
878,Donetta,Diogenes,Donetta.Diogenes@yopmail.com,Donetta.Diogenes@gmail.com,firefighter,779
879,Ellette,Jagir,Ellette.Jagir@yopmail.com,Ellette.Jagir@gmail.com,worker,780
880,Ashlee,Zaslow,Ashlee.Zaslow@yopmail.com,Ashlee.Zaslow@gmail.com,firefighter,781
881,Yolane,Sprage,Yolane.Sprage@yopmail.com,Yolane.Sprage@gmail.com,worker,782
882,Lilith,Dreda,Lilith.Dreda@yopmail.com,Lilith.Dreda@gmail.com,police officer,783
883,Tomasina,Bartlett,Tomasina.Bartlett@yopmail.com,Tomasina.Bartlett@gmail.com,doctor,784
884,Raquela,Sabella,Raquela.Sabella@yopmail.com,Raquela.Sabella@gmail.com,doctor,785
885,Elfreda,Jarib,Elfreda.Jarib@yopmail.com,Elfreda.Jarib@gmail.com,doctor,786
886,Bee,Old,Bee.Old@yopmail.com,Bee.Old@gmail.com,firefighter,787
887,Audrie,Thomasina,Audrie.Thomasina@yopmail.com,Audrie.Thomasina@gmail.com,firefighter,788
888,Ardys,Ashok,Ardys.Ashok@yopmail.com,Ardys.Ashok@gmail.com,police officer,789
889,Nita,Lareena,Nita.Lareena@yopmail.com,Nita.Lareena@gmail.com,police officer,790
890,Orsola,Marisa,Orsola.Marisa@yopmail.com,Orsola.Marisa@gmail.com,doctor,791
891,Hildegaard,Ackerley,Hildegaard.Ackerley@yopmail.com,Hildegaard.Ackerley@gmail.com,police officer,792
892,Di,Colleen,Di.Colleen@yopmail.com,Di.Colleen@gmail.com,police officer,793
893,Gusella,Alrich,Gusella.Alrich@yopmail.com,Gusella.Alrich@gmail.com,police officer,794
894,Lorne,Suanne,Lorne.Suanne@yopmail.com,Lorne.Suanne@gmail.com,worker,795
895,Ada,Bigner,Ada.Bigner@yopmail.com,Ada.Bigner@gmail.com,firefighter,796
896,Ingrid,Wittie,Ingrid.Wittie@yopmail.com,Ingrid.Wittie@gmail.com,doctor,797
897,Christy,Parette,Christy.Parette@yopmail.com,Christy.Parette@gmail.com,firefighter,798
898,Sibella,Hedve,Sibella.Hedve@yopmail.com,Sibella.Hedve@gmail.com,developer,799
899,Elmira,Ferrell,Elmira.Ferrell@yopmail.com,Elmira.Ferrell@gmail.com,firefighter,800
900,Leia,Uird,Leia.Uird@yopmail.com,Leia.Uird@gmail.com,police officer,801
901,Melanie,Breed,Melanie.Breed@yopmail.com,Melanie.Breed@gmail.com,developer,802
902,Beverley,Gale,Beverley.Gale@yopmail.com,Beverley.Gale@gmail.com,developer,803
903,Kial,Salchunas,Kial.Salchunas@yopmail.com,Kial.Salchunas@gmail.com,doctor,804
904,Maud,Martguerita,Maud.Martguerita@yopmail.com,Maud.Martguerita@gmail.com,doctor,805
905,Allis,Donell,Allis.Donell@yopmail.com,Allis.Donell@gmail.com,firefighter,806
906,Robbi,Gregrory,Robbi.Gregrory@yopmail.com,Robbi.Gregrory@gmail.com,doctor,807
907,Antonietta,Stav,Antonietta.Stav@yopmail.com,Antonietta.Stav@gmail.com,worker,808
908,Doralynne,Schroth,Doralynne.Schroth@yopmail.com,Doralynne.Schroth@gmail.com,developer,809
909,Ermengarde,Helfand,Ermengarde.Helfand@yopmail.com,Ermengarde.Helfand@gmail.com,developer,810
910,Philis,Manolo,Philis.Manolo@yopmail.com,Philis.Manolo@gmail.com,worker,811
911,Mary,Donell,Mary.Donell@yopmail.com,Mary.Donell@gmail.com,developer,812
912,Melanie,Mintz,Melanie.Mintz@yopmail.com,Melanie.Mintz@gmail.com,police officer,813
913,Correy,Bendick,Correy.Bendick@yopmail.com,Correy.Bendick@gmail.com,police officer,814
914,Asia,Pernick,Asia.Pernick@yopmail.com,Asia.Pernick@gmail.com,worker,815
915,Ardenia,Virgin,Ardenia.Virgin@yopmail.com,Ardenia.Virgin@gmail.com,worker,816
916,Ariela,Forrer,Ariela.Forrer@yopmail.com,Ariela.Forrer@gmail.com,firefighter,817
917,Alie,Gillan,Alie.Gillan@yopmail.com,Alie.Gillan@gmail.com,developer,818
918,Trixi,Herrera,Trixi.Herrera@yopmail.com,Trixi.Herrera@gmail.com,police officer,819
919,Ardeen,Lesley,Ardeen.Lesley@yopmail.com,Ardeen.Lesley@gmail.com,worker,820
920,Karena,Kussell,Karena.Kussell@yopmail.com,Karena.Kussell@gmail.com,firefighter,821
921,Katharina,Schenck,Katharina.Schenck@yopmail.com,Katharina.Schenck@gmail.com,worker,822
922,Gui,Ietta,Gui.Ietta@yopmail.com,Gui.Ietta@gmail.com,police officer,823
923,Dorthy,Nelsen,Dorthy.Nelsen@yopmail.com,Dorthy.Nelsen@gmail.com,police officer,824
924,Lory,Zeeba,Lory.Zeeba@yopmail.com,Lory.Zeeba@gmail.com,developer,825
925,Lyssa,Artie,Lyssa.Artie@yopmail.com,Lyssa.Artie@gmail.com,doctor,826
926,Hallie,Carvey,Hallie.Carvey@yopmail.com,Hallie.Carvey@gmail.com,firefighter,827
927,Nerta,Telfer,Nerta.Telfer@yopmail.com,Nerta.Telfer@gmail.com,developer,828
928,Ekaterina,Suk,Ekaterina.Suk@yopmail.com,Ekaterina.Suk@gmail.com,police officer,829
929,Letizia,Faust,Letizia.Faust@yopmail.com,Letizia.Faust@gmail.com,doctor,830
930,Trudie,Pearse,Trudie.Pearse@yopmail.com,Trudie.Pearse@gmail.com,doctor,831
931,Roz,Odysseus,Roz.Odysseus@yopmail.com,Roz.Odysseus@gmail.com,developer,832
932,Fawne,Federica,Fawne.Federica@yopmail.com,Fawne.Federica@gmail.com,developer,833
933,Mignon,Felecia,Mignon.Felecia@yopmail.com,Mignon.Felecia@gmail.com,developer,834
934,Rayna,Berard,Rayna.Berard@yopmail.com,Rayna.Berard@gmail.com,developer,835
935,Elyssa,Ambrosia,Elyssa.Ambrosia@yopmail.com,Elyssa.Ambrosia@gmail.com,worker,836
936,Annice,Judye,Annice.Judye@yopmail.com,Annice.Judye@gmail.com,doctor,837
937,Tabbatha,Ludewig,Tabbatha.Ludewig@yopmail.com,Tabbatha.Ludewig@gmail.com,firefighter,838
938,Minda,Frendel,Minda.Frendel@yopmail.com,Minda.Frendel@gmail.com,doctor,839
939,Catharine,Chem,Catharine.Chem@yopmail.com,Catharine.Chem@gmail.com,developer,840
940,Margalo,Colp,Margalo.Colp@yopmail.com,Margalo.Colp@gmail.com,worker,841
941,Belinda,Winnick,Belinda.Winnick@yopmail.com,Belinda.Winnick@gmail.com,worker,842
942,Priscilla,Kalinda,Priscilla.Kalinda@yopmail.com,Priscilla.Kalinda@gmail.com,worker,843
943,Danika,Konyn,Danika.Konyn@yopmail.com,Danika.Konyn@gmail.com,developer,844
944,Deirdre,Havens,Deirdre.Havens@yopmail.com,Deirdre.Havens@gmail.com,doctor,845
945,Alia,Primalia,Alia.Primalia@yopmail.com,Alia.Primalia@gmail.com,firefighter,846
946,Alleen,Montgomery,Alleen.Montgomery@yopmail.com,Alleen.Montgomery@gmail.com,police officer,847
947,Amelia,Pascia,Amelia.Pascia@yopmail.com,Amelia.Pascia@gmail.com,police officer,848
948,Janey,Grimbly,Janey.Grimbly@yopmail.com,Janey.Grimbly@gmail.com,police officer,849
949,Ardenia,Fitzsimmons,Ardenia.Fitzsimmons@yopmail.com,Ardenia.Fitzsimmons@gmail.com,firefighter,850
950,Gusty,Avi,Gusty.Avi@yopmail.com,Gusty.Avi@gmail.com,police officer,851
951,Gusty,Ramona,Gusty.Ramona@yopmail.com,Gusty.Ramona@gmail.com,developer,852
952,Marcelline,Darbie,Marcelline.Darbie@yopmail.com,Marcelline.Darbie@gmail.com,worker,853
953,Rebeca,Wolfgram,Rebeca.Wolfgram@yopmail.com,Rebeca.Wolfgram@gmail.com,developer,854
954,Nananne,Pulsifer,Nananne.Pulsifer@yopmail.com,Nananne.Pulsifer@gmail.com,police officer,855
955,Nessie,Ambrosia,Nessie.Ambrosia@yopmail.com,Nessie.Ambrosia@gmail.com,worker,856
956,Roxane,Pip,Roxane.Pip@yopmail.com,Roxane.Pip@gmail.com,police officer,857
957,Marylou,Sisile,Marylou.Sisile@yopmail.com,Marylou.Sisile@gmail.com,doctor,858
958,Katuscha,Scammon,Katuscha.Scammon@yopmail.com,Katuscha.Scammon@gmail.com,doctor,859
959,Ulrike,Morehouse,Ulrike.Morehouse@yopmail.com,Ulrike.Morehouse@gmail.com,developer,860
960,Damaris,Noman,Damaris.Noman@yopmail.com,Damaris.Noman@gmail.com,police officer,861
961,Pollyanna,Mich,Pollyanna.Mich@yopmail.com,Pollyanna.Mich@gmail.com,worker,862
962,Angelique,Craggie,Angelique.Craggie@yopmail.com,Angelique.Craggie@gmail.com,doctor,863
963,Corina,Katrine,Corina.Katrine@yopmail.com,Corina.Katrine@gmail.com,firefighter,864
964,Nadine,Loring,Nadine.Loring@yopmail.com,Nadine.Loring@gmail.com,doctor,865
965,Dulcinea,Marden,Dulcinea.Marden@yopmail.com,Dulcinea.Marden@gmail.com,police officer,866
966,Nerta,Felizio,Nerta.Felizio@yopmail.com,Nerta.Felizio@gmail.com,worker,867
967,Cam,Arne,Cam.Arne@yopmail.com,Cam.Arne@gmail.com,doctor,868
968,Kirstin,Kellby,Kirstin.Kellby@yopmail.com,Kirstin.Kellby@gmail.com,doctor,869
969,Anallese,Ioab,Anallese.Ioab@yopmail.com,Anallese.Ioab@gmail.com,police officer,870
970,Selia,Cressida,Selia.Cressida@yopmail.com,Selia.Cressida@gmail.com,developer,871
971,Correy,Hieronymus,Correy.Hieronymus@yopmail.com,Correy.Hieronymus@gmail.com,developer,872
972,Brooks,Freddi,Brooks.Freddi@yopmail.com,Brooks.Freddi@gmail.com,police officer,873
973,Gilligan,Hazlett,Gilligan.Hazlett@yopmail.com,Gilligan.Hazlett@gmail.com,developer,874
974,Fawne,Delp,Fawne.Delp@yopmail.com,Fawne.Delp@gmail.com,firefighter,875
975,Gale,Leonard,Gale.Leonard@yopmail.com,Gale.Leonard@gmail.com,police officer,876
976,Tabbatha,Millda,Tabbatha.Millda@yopmail.com,Tabbatha.Millda@gmail.com,developer,877
977,Heida,Carleen,Heida.Carleen@yopmail.com,Heida.Carleen@gmail.com,police officer,878
978,Millie,Ahab,Millie.Ahab@yopmail.com,Millie.Ahab@gmail.com,worker,879
979,Therine,Bobbee,Therine.Bobbee@yopmail.com,Therine.Bobbee@gmail.com,doctor,880
980,Jennica,Shama,Jennica.Shama@yopmail.com,Jennica.Shama@gmail.com,police officer,881
981,Mathilda,Wadell,Mathilda.Wadell@yopmail.com,Mathilda.Wadell@gmail.com,police officer,882
982,Halette,Nisbet,Halette.Nisbet@yopmail.com,Halette.Nisbet@gmail.com,developer,883
983,Cherrita,Hourigan,Cherrita.Hourigan@yopmail.com,Cherrita.Hourigan@gmail.com,firefighter,884
984,Gabi,Ferrell,Gabi.Ferrell@yopmail.com,Gabi.Ferrell@gmail.com,doctor,885
985,Meriel,Markman,Meriel.Markman@yopmail.com,Meriel.Markman@gmail.com,police officer,886
986,Althea,Gert,Althea.Gert@yopmail.com,Althea.Gert@gmail.com,doctor,887
987,Rori,Lowry,Rori.Lowry@yopmail.com,Rori.Lowry@gmail.com,doctor,888
988,Annora,Bertold,Annora.Bertold@yopmail.com,Annora.Bertold@gmail.com,doctor,889
989,Fidelia,Gemini,Fidelia.Gemini@yopmail.com,Fidelia.Gemini@gmail.com,worker,890
990,Amii,Clywd,Amii.Clywd@yopmail.com,Amii.Clywd@gmail.com,developer,891
991,Alie,Melleta,Alie.Melleta@yopmail.com,Alie.Melleta@gmail.com,developer,892
992,Louella,Schonfeld,Louella.Schonfeld@yopmail.com,Louella.Schonfeld@gmail.com,worker,893
993,Helena,Anton,Helena.Anton@yopmail.com,Helena.Anton@gmail.com,firefighter,894
994,Gwenneth,Fax,Gwenneth.Fax@yopmail.com,Gwenneth.Fax@gmail.com,doctor,895
995,Demetris,Stevy,Demetris.Stevy@yopmail.com,Demetris.Stevy@gmail.com,doctor,896
996,Kerrin,Jalbert,Kerrin.Jalbert@yopmail.com,Kerrin.Jalbert@gmail.com,firefighter,897
997,Fayre,Sheedy,Fayre.Sheedy@yopmail.com,Fayre.Sheedy@gmail.com,police officer,898
998,Berget,Redmond,Berget.Redmond@yopmail.com,Berget.Redmond@gmail.com,worker,899
999,Elka,Rad,Elka.Rad@yopmail.com,Elka.Rad@gmail.com,police officer,900
1000,Marnia,Honoria,Marnia.Honoria@yopmail.com,Marnia.Honoria@gmail.com,doctor,901
1001,Maryellen,Madox,Maryellen.Madox@yopmail.com,Maryellen.Madox@gmail.com,worker,902
1002,Britni,Cookie,Britni.Cookie@yopmail.com,Britni.Cookie@gmail.com,developer,903
1003,Jorry,Chrystel,Jorry.Chrystel@yopmail.com,Jorry.Chrystel@gmail.com,firefighter,904
1004,Nikki,Dimitris,Nikki.Dimitris@yopmail.com,Nikki.Dimitris@gmail.com,doctor,905
1005,Ada,Johnsson,Ada.Johnsson@yopmail.com,Ada.Johnsson@gmail.com,doctor,906
1006,Mary,Hunfredo,Mary.Hunfredo@yopmail.com,Mary.Hunfredo@gmail.com,worker,907
1007,Meg,Tippets,Meg.Tippets@yopmail.com,Meg.Tippets@gmail.com,worker,908
1008,Korrie,Rogerio,Korrie.Rogerio@yopmail.com,Korrie.Rogerio@gmail.com,firefighter,909
1009,Jobi,Matthew,Jobi.Matthew@yopmail.com,Jobi.Matthew@gmail.com,developer,910
1010,Hildegaard,Audly,Hildegaard.Audly@yopmail.com,Hildegaard.Audly@gmail.com,worker,911
1011,Teriann,Lay,Teriann.Lay@yopmail.com,Teriann.Lay@gmail.com,worker,912
1012,Lacie,Valoniah,Lacie.Valoniah@yopmail.com,Lacie.Valoniah@gmail.com,firefighter,913
1013,Myriam,Fax,Myriam.Fax@yopmail.com,Myriam.Fax@gmail.com,police officer,914
1014,Darci,August,Darci.August@yopmail.com,Darci.August@gmail.com,police officer,915
1015,Susette,Thomasina,Susette.Thomasina@yopmail.com,Susette.Thomasina@gmail.com,worker,916
1016,Laurene,Olin,Laurene.Olin@yopmail.com,Laurene.Olin@gmail.com,worker,917
1017,Janeczka,Smitt,Janeczka.Smitt@yopmail.com,Janeczka.Smitt@gmail.com,firefighter,918
1018,Lorenza,Grobe,Lorenza.Grobe@yopmail.com,Lorenza.Grobe@gmail.com,firefighter,919
1019,Meg,Girardo,Meg.Girardo@yopmail.com,Meg.Girardo@gmail.com,doctor,920
1020,Evaleen,Tippets,Evaleen.Tippets@yopmail.com,Evaleen.Tippets@gmail.com,firefighter,921
1021,Sue,Rubie,Sue.Rubie@yopmail.com,Sue.Rubie@gmail.com,police officer,922
1022,Maisey,Astra,Maisey.Astra@yopmail.com,Maisey.Astra@gmail.com,police officer,923
1023,Rosaline,Gino,Rosaline.Gino@yopmail.com,Rosaline.Gino@gmail.com,developer,924
1024,Bernardine,Rosalba,Bernardine.Rosalba@yopmail.com,Bernardine.Rosalba@gmail.com,doctor,925
1025,Hollie,Garrison,Hollie.Garrison@yopmail.com,Hollie.Garrison@gmail.com,worker,926
1026,Raina,Jess,Raina.Jess@yopmail.com,Raina.Jess@gmail.com,police officer,927
1027,Dione,Salchunas,Dione.Salchunas@yopmail.com,Dione.Salchunas@gmail.com,developer,928
1028,Julieta,Melan,Julieta.Melan@yopmail.com,Julieta.Melan@gmail.com,police officer,929
1029,Adelle,Ciro,Adelle.Ciro@yopmail.com,Adelle.Ciro@gmail.com,police officer,930
1030,Hermione,Fax,Hermione.Fax@yopmail.com,Hermione.Fax@gmail.com,developer,931
1031,Carolina,Scammon,Carolina.Scammon@yopmail.com,Carolina.Scammon@gmail.com,developer,932
1032,Ezmeralda,Karylin,Ezmeralda.Karylin@yopmail.com,Ezmeralda.Karylin@gmail.com,police officer,933
1033,Perry,Connelly,Perry.Connelly@yopmail.com,Perry.Connelly@gmail.com,police officer,934
1034,Felice,Leonard,Felice.Leonard@yopmail.com,Felice.Leonard@gmail.com,doctor,935
1035,Margette,Cynar,Margette.Cynar@yopmail.com,Margette.Cynar@gmail.com,firefighter,936
1036,Melisent,Jacobah,Melisent.Jacobah@yopmail.com,Melisent.Jacobah@gmail.com,worker,937
1037,Shandie,Jotham,Shandie.Jotham@yopmail.com,Shandie.Jotham@gmail.com,police officer,938
1038,Adelle,Florina,Adelle.Florina@yopmail.com,Adelle.Florina@gmail.com,doctor,939
1039,Bibby,Lowry,Bibby.Lowry@yopmail.com,Bibby.Lowry@gmail.com,worker,940
1040,Elie,Zola,Elie.Zola@yopmail.com,Elie.Zola@gmail.com,doctor,941
1041,Almeta,Hirsch,Almeta.Hirsch@yopmail.com,Almeta.Hirsch@gmail.com,firefighter,942
1042,Margalo,Roumell,Margalo.Roumell@yopmail.com,Margalo.Roumell@gmail.com,firefighter,943
1043,Ira,Giff,Ira.Giff@yopmail.com,Ira.Giff@gmail.com,doctor,944
1044,Tarra,Isacco,Tarra.Isacco@yopmail.com,Tarra.Isacco@gmail.com,developer,945
1045,Lucy,Riordan,Lucy.Riordan@yopmail.com,Lucy.Riordan@gmail.com,developer,946
1046,Binny,Junie,Binny.Junie@yopmail.com,Binny.Junie@gmail.com,doctor,947
1047,Kelly,Eliathas,Kelly.Eliathas@yopmail.com,Kelly.Eliathas@gmail.com,doctor,948
1048,Kirbee,Dyche,Kirbee.Dyche@yopmail.com,Kirbee.Dyche@gmail.com,worker,949
1049,Teddie,Dawkins,Teddie.Dawkins@yopmail.com,Teddie.Dawkins@gmail.com,police officer,950
1050,Magdalena,McCutcheon,Magdalena.McCutcheon@yopmail.com,Magdalena.McCutcheon@gmail.com,developer,951
1051,Natka,Amand,Natka.Amand@yopmail.com,Natka.Amand@gmail.com,police officer,952
1052,Elise,Amethist,Elise.Amethist@yopmail.com,Elise.Amethist@gmail.com,firefighter,953
1053,Jolyn,Tayib,Jolyn.Tayib@yopmail.com,Jolyn.Tayib@gmail.com,doctor,954
1054,Bettine,Margret,Bettine.Margret@yopmail.com,Bettine.Margret@gmail.com,doctor,955
1055,Dominga,Edmund,Dominga.Edmund@yopmail.com,Dominga.Edmund@gmail.com,police officer,956
1056,Myriam,Colbert,Myriam.Colbert@yopmail.com,Myriam.Colbert@gmail.com,doctor,957
1057,Eugine,Weide,Eugine.Weide@yopmail.com,Eugine.Weide@gmail.com,worker,958
1058,Georgetta,Ammann,Georgetta.Ammann@yopmail.com,Georgetta.Ammann@gmail.com,doctor,959
1059,Konstance,Tamar,Konstance.Tamar@yopmail.com,Konstance.Tamar@gmail.com,developer,960
1060,Selma,Ellord,Selma.Ellord@yopmail.com,Selma.Ellord@gmail.com,developer,961
1061,Meghann,Jehu,Meghann.Jehu@yopmail.com,Meghann.Jehu@gmail.com,police officer,962
1062,Brietta,Fredi,Brietta.Fredi@yopmail.com,Brietta.Fredi@gmail.com,police officer,963
1063,Lilith,Neils,Lilith.Neils@yopmail.com,Lilith.Neils@gmail.com,doctor,964
1064,Elvira,Jagir,Elvira.Jagir@yopmail.com,Elvira.Jagir@gmail.com,police officer,965
1065,Sherrie,Blake,Sherrie.Blake@yopmail.com,Sherrie.Blake@gmail.com,worker,966
1066,Tybie,Ferino,Tybie.Ferino@yopmail.com,Tybie.Ferino@gmail.com,police officer,967
1067,Margarette,Philoo,Margarette.Philoo@yopmail.com,Margarette.Philoo@gmail.com,developer,968
1068,Brooks,Weinreb,Brooks.Weinreb@yopmail.com,Brooks.Weinreb@gmail.com,worker,969
1069,Kimmy,Cleavland,Kimmy.Cleavland@yopmail.com,Kimmy.Cleavland@gmail.com,worker,970
1070,Brena,Lissi,Brena.Lissi@yopmail.com,Brena.Lissi@gmail.com,police officer,971
1071,Alexine,Yate,Alexine.Yate@yopmail.com,Alexine.Yate@gmail.com,developer,972
1072,Rhoda,Elephus,Rhoda.Elephus@yopmail.com,Rhoda.Elephus@gmail.com,police officer,973
1073,Anestassia,Sasnett,Anestassia.Sasnett@yopmail.com,Anestassia.Sasnett@gmail.com,doctor,974
1074,Bobbi,Joeann,Bobbi.Joeann@yopmail.com,Bobbi.Joeann@gmail.com,developer,975
1075,Robbi,Ball,Robbi.Ball@yopmail.com,Robbi.Ball@gmail.com,police officer,976
1076,Drucie,Melleta,Drucie.Melleta@yopmail.com,Drucie.Melleta@gmail.com,doctor,977
1077,Jany,Radu,Jany.Radu@yopmail.com,Jany.Radu@gmail.com,firefighter,978
1078,Rozele,Bebe,Rozele.Bebe@yopmail.com,Rozele.Bebe@gmail.com,worker,979
1079,Kirbee,Phi,Kirbee.Phi@yopmail.com,Kirbee.Phi@gmail.com,police officer,980
1080,Bee,Iaverne,Bee.Iaverne@yopmail.com,Bee.Iaverne@gmail.com,doctor,981
1081,Sissy,Jorgan,Sissy.Jorgan@yopmail.com,Sissy.Jorgan@gmail.com,police officer,982
1082,Rhoda,Hieronymus,Rhoda.Hieronymus@yopmail.com,Rhoda.Hieronymus@gmail.com,police officer,983
1083,Hermione,Quent,Hermione.Quent@yopmail.com,Hermione.Quent@gmail.com,doctor,984
1084,Joeann,Amadas,Joeann.Amadas@yopmail.com,Joeann.Amadas@gmail.com,developer,985
1085,Mureil,Daveta,Mureil.Daveta@yopmail.com,Mureil.Daveta@gmail.com,firefighter,986
1086,Orsola,Suzetta,Orsola.Suzetta@yopmail.com,Orsola.Suzetta@gmail.com,police officer,987
1087,Lynea,Nester,Lynea.Nester@yopmail.com,Lynea.Nester@gmail.com,worker,988
1088,Stacey,Oneida,Stacey.Oneida@yopmail.com,Stacey.Oneida@gmail.com,worker,989
1089,Merrie,Bury,Merrie.Bury@yopmail.com,Merrie.Bury@gmail.com,police officer,990
1090,Chloris,Paton,Chloris.Paton@yopmail.com,Chloris.Paton@gmail.com,police officer,991
1091,Letizia,Oscar,Letizia.Oscar@yopmail.com,Letizia.Oscar@gmail.com,worker,992
1092,Kathy,Randene,Kathy.Randene@yopmail.com,Kathy.Randene@gmail.com,doctor,993
1093,Vivia,Masao,Vivia.Masao@yopmail.com,Vivia.Masao@gmail.com,developer,994
1094,Adore,Gillan,Adore.Gillan@yopmail.com,Adore.Gillan@gmail.com,developer,995
1095,Inga,Euridice,Inga.Euridice@yopmail.com,Inga.Euridice@gmail.com,firefighter,996
1096,Brietta,Harriman,Brietta.Harriman@yopmail.com,Brietta.Harriman@gmail.com,doctor,997
1097,Modestia,Ethban,Modestia.Ethban@yopmail.com,Modestia.Ethban@gmail.com,firefighter,998
1098,Morganica,Artie,Morganica.Artie@yopmail.com,Morganica.Artie@gmail.com,worker,999
1099,Gui,Elephus,Gui.Elephus@yopmail.com,Gui.Elephus@gmail.com,police officer,1000